url,name,count
erased_150715,erased_150715,2
http://0sup.zze,catieb,52
http://0xtc.com/plugins/wp-tweet-button,WP Tweet Button,1
http://112alarm.net,112alarm.net MON,1
http://119.seoul.go.kr,SEOC_Hompage,1
http://12.01mfkf.com,12 01MFKF Application,1
http://123direct.info/tracking/af/485035/55YsL7AG/,winwinintroducethebestinfo,1
http://127.0.0.1,PCV3,1
http://24hoursnews.ru/,24hoursnews,2
http://25re.com,ã?©ã?¼ã?¡ã?³å¤§é?¸,1
http://2ch-all.com/,ã?¾ã?¨ã??ã??ã??ã??,1
http://2ch-news.all-blog.info/,2ã?¡ã??ã??ã?­ã??æ??å ±ã?¾ã?¨ã??ç·?å??ã?µã?¤ã??,1
http://2pm.oketweet.tk,Hottest for 2PM,1
http://2st.jp/jackrose/eva_bothow.html,å?­è»?å³¶ã??è²´è³?å®¤,1
http://30tweet.com,30Tweet,3
http://41matsuge-exte.com/,ã??ã??ã?¾ã?¤ã??,1
http://634.ayumu-baby.com/,WebTweetClient,1
http://67.23.166.168/~tb/about.php,PSM Barebone,1
http://7303155.appspot.com/?locale=ja,ç??ç??ä¿?ã?¨å?ºå?©è??ã?®å®¶,1
http://78.140.172.82:6700/web/market/android/,Enchanted Realm,1
http://80.146.239.135/ajaxshowcases/trafficinfos/,PTV Traffic Alert,1
http://88.190.237.63/xuan/twitterOauth,xuan,1
http://LipTwit.com,ë¦½í?¸ì??,1
http://MapMyRun.com,MapMyRun,1
http://PoeticPhrenzy.com,Poetic Platform,1
http://UtahPolitics.org,Utah Politics Retweeter and Autofollow,1
http://WWW.BLAZEMUSIC.NET,BlazeMusic.Net,2
http://accounts.vitrue.com/,Vitrue Accounts,2
http://adium.im,Adium,2
http://admin.onset.freedom.com,Onset,1
http://akaitori.info/,ï½±ï½¶ï½²ï¾?ï¾?,1
http://akiyamabot.blog133.fc2.com/,ç¥?å®¤ç?ºã?®ã?©ã??ã??,1
http://aksis14.oliwy.net/,aksis14sby,2
http://albo.jp/,albo,8
http://alenbot.guhaw.com/Entry/2/,ã?¦ã??ã?¯ã?­ã?³å??é?¨,1
http://alienblue.org,Alien Blue,1
http://all.virtuafighter.net/,VF.NET,3
http://allcoupon.jp/,ã?ªã?¼ã?«ã?¯ã?¼ã??ã?³,1
http://alostsdfern.jugem.jp/?eid=5,ã??å??ã?®è¿?ã??ã?«,1
http://altoolbar.co.kr,ALToolbar,38
http://amaris.hiho.jp/bot/eevees.php,ã?¤ã?¼ã??ã?¤ã?®æ£®ã?»ä¸?é?¢å?­è??,1
http://amaris.hiho.jp/bot/victim.php,ã??ã?¯ã??ã?£ã??é??å ´ã?»äººèº«å¾¡ä¾?,1
http://amazon.com,HotelioExperts Networks,1
http://ameblo.jp/273bots/,æ?°å??é??ã?®ã?¹ã??ã?¼ã??ã??ã?©ã?³,2
http://ameblo.jp/aqua-1210/,ã??ã?ªã?³ã?®å??,1
http://ameblo.jp/eternyal/,ã?´ã?¼ã?«ã?¤ã?¬ã?¬ã?ªã?³,1
http://ameblo.jp/sebumi-bot/,æ?ªè©³ä¿?ç?¹å?¥æ??æ?»èª²,1
http://ameblo.jp/ske48official/,SKE48ã?ªã??ã?£ã?·ã?£ã?«ã??ã?­ã?° Powered by Ameba,1
http://ametwi.trend-antenna.com/,ã?¢ã?¡ã?¤ã??,3
http://amk.eglsgame.com:45000,Adventure of Monkey King,1
http://andasio.com,shopes,1
http://andronavi.com/,ã?¤ã??ã?£ã?·ã?? for Android,2
http://annodrenthe.nu/,annodrenthe.nu,1
http://antirouille.dyndns.org,post2twitt,1
http://aoharu.com/,OhayoPanda,1
http://aplus-app.com,A.plus for Android,7
http://aplus-app.com,A.plus for BlackBerry,100
http://app.bean-leaf-beetle-vdr.org,bean leaf beetle vdr,1
http://app.meta-glamour.com/twitmusic/,TwitMusic for iPhone,1
http://app.net/mypad,MyPad for iOS (iPad),1
http://app.nicovideo.jp/,ã??ã?³ã??ã?³ã?¢ã??ã?ª,1
http://appcat.kr/bluebird,í??ë??ì??,3
http://applefan.toprealtime.net,TopAppleFan,1
http://apps.excite.co.jp/,MusicatioN,1
http://apps.hlpth.com/mantaray,MantaRay,1
http://apps.studiohitori.com/twitrocker,TwitRocker2 for Android,2
http://apps.studiohitori.com/twitrocker,TwitRocker2 for iPhone,2
http://apps.studiohitori.com/twitrocker,TwitRocker,1
http://aquilno.net/kisaragi_bot.htm,å±±å?£å®¶,1
http://ar.algerie360.com,ar.algerie360.com,1
http://aranciaciero.appspot.com/?locale=ja,VARIA  ï½±ï½¼ï¾?ï¾?,1
http://arduino-tweet.appspot.com/,Arduino,1
http://armor.co.id,Armor Life for tweets,3
http://ask.fm/,Ask.fm,15
http://autoposting.magazin-odezhda.ru,autopostingmagazin-odezhda,1
http://avtobazar.ua,avtobazar.ua,1
http://azunai.info/saya_bot,saya_bot,1
http://azurea.info/,Azurea,5
http://azurea.refy.net/,Azurea for Windows,30
http://b123400.net/maha,Maha,2
http://bagelbot.syoyu.net/,ä¿?è¶³ã?®ç??,2
http://baidu.com,é¥­æ?¨Â·ç²?ä¸?ç??æ?¨,1
http://baran.digiweb.jp/,ã??ã?ªã??ã?®ã??å¼?å½?ã?®ä¸­,1
http://bathroomcabinetsshop.com/,Bathroom Cabinets Shop Online - ,1
http://batiktweet.tk,Batik Twituitâ?¢,1
http://bbcddc.com/index_jp.html#fastmemo,FastMemo,1
http://bbnation.com/182399.207145,Tweeker,11
http://bdcast.com/hierarchy/secondary.php?maj=102&sec=209,TRE - The Radio Experience,2
http://beanbagchairssale.com,beanbagchairssale,1
http://bedcomforterusa.com,Bed Comforter USA,2
http://beens.me,BEENS Magazine Update Manager,1
http://beeworksgames.com/~osawaritantei/,ã??ã??ã??ã??æ?¢å?µå?³å??æ±?,1
http://bemejewellery.com,BemeJewelAuto,1
http://bescomy.com,bescomy,2
http://best-webhosting-offers.com,Best Webhosting Offers,1
http://bestspecialdealwatch.co.cc,Special Watch,1
http://bestwaytomakemoneyonlinex.org,Best Way To Make Money Onlinex,1
http://beta.twitlonger.com,TwitLonger Beta,16
http://bezformata.ru,bzfrmtRegionNews,3
http://bit.ly,bitly,17
http://bit.ly/SomenTairiku,ã??ã?¼ã??ã??å¤§é?¸,1
http://bit.ly/a5uq8U,ã?¿ã??ã?ªã?®å¿?ã?®ç??ã?¿,1
http://bit.ly/cy5lov,æ­»ä½?ã??ã?¢ã?¼ã?³ã?³ã??ã?¯ã?¿ã?¼,1
http://bit.ly/fVzRUd,TwitPal,46
http://bit.ly/i7900s,é¤?å­?ã?¹ã??ã?©ã??ã??ä»?ã??æ?ºå¸¯,1
http://bit.ly/roZ87P,å?ªå??ã?¨å??å¼·ã??ã?¦å??ã?¤ï¼?,1
http://bit.ly/tUZhUz,taecodiffersinaflavorfrom,1
http://bit.ly/y8tEux,wikyou5,3
http://biz.twtmanager.com,twtm_biz,1
http://bknm4yuuki.com/danji_bots/,Q-PiyoClient,1
http://blackberry.com/twitter,Twitter for BlackBerryÂ®,6804
http://blackberry.com/twitter,Î¤wittÐµr for  BlackBerryÂ®,2
http://blackberry.com/twitter,Ð¢witter for Ð?lackÐ?erryÂ®,7
http://blastsound.com/gftc/,ì?¬ë??í?¬ë??ì»¤,2
http://blip.fm,Blip.fm,1
http://blip.pl,Blip.pl,1
http://block.fm/,blockfm,2
http://block.twistraw.com,Freedom Tweets!,1
http://blog.crooz.jp/,CROOZ blog,1
http://blog.dion.ne.jp/,ã?©ã??ã?­ã?°,1
http://blog.fc2.com/,FC2 Blog Notify,10
http://blog.goo.ne.jp/info/twitter/,gooBlog production,2
http://blog.livedoor.com/,livedoor Blog,5
http://blog.livedoor.jp/blackwingcat/archives/1394816.html,Mo-Footer,3
http://blog.livedoor.jp/blogbot/,ske48botapp,1
http://blog.livedoor.jp/e231_8000/,ç´ æ?°ã?®æµ·,5
http://blog.livedoor.jp/indiqua/archives/51504396.html,CrossBoneRounge,1
http://blog.livedoor.jp/naoc007t/,naoc007t,1
http://blog.livedoor.jp/s_teru_bot/archives/783975.html,ç??ç??ç¤?ï¼?F,2
http://blog.livedoor.jp/shichijoomi_fanbot/,ä¸?æ?¡å°?ç?¨ã??ã?¼ã??PC,2
http://blog.livedoor.jp/suigiso/archives/435321.html,ã?»ã??ã?£ã??ã?¼ for homuPhone4M,1
http://blog.naver.com/cheaterr,203í?¸ì?¤,1
http://blog.nicolargo.com/2010/11/twitter-en-ligne-de-commande-meme-avec-oauth.html,tweet CLG,1
http://blog.ninja.co.jp/,å¿?è??ã??ã?­ã?°,4
http://blog.qlook.net/,QLOOK BLOG,1
http://blog.schoentoon.com/twoons-related-blogs,Twoons,1
http://blog.seesaa.jp/,SeesaaBlog,3
http://blog.skepop.info/,SKE48_entry,1
http://blogs.sapo.pt,SAPO Blogs,2
http://blogs.sinhalabloggers.com,Sinhala Blog Reader,1
http://blueonionsoftware.com/tweetz.aspx,tweetz,6
http://bodydieta.ru,Ð?ÐµÑ?Ð¸Ñ?Ð½Ð°Ñ? Ð´Ð¸ÐµÑ?Ð° Ð´Ð»Ñ? Ñ?ÐµÐ»Ð°,1
http://book.akahoshitakuya.com/,èª­æ?¸ã?¡ã?¼ã?¿ã?¼,4
http://bookfriend.me/,bookfriend.me - command line,1
http://bot-manual.t-bot.ciao.jp/,å?°ä¸?è¡?,1
http://botmaker.dplays.net/,BotMaker,1
http://botv6.blog.fc2.com/,äº?ã??å??ã?®ã??ã??ã?¡,1
http://bplanv.comuv.com,BPLANV Vorlagen,1
http://brackcanon.blog135.fc2.com/,ç?½é«ªæ??å?£æ?¬é?¨,1
http://brutalgamer.com,@brutalgamer,1
http://bsleeprincess.appspot.com/?locale=ja,ã?¤ã??ã?®åº?ã??ã??,2
http://bufferapp.com,Buffer,18
http://buildagadget.com/wsg-sidechirp/,B.A.G | Sidechirp,1
http://bukku.genteiban.biz,twibooknewsmart,1
http://burnt-tech.com/weathersphere/,Weather Sphere,1
http://businessonmain.msn.com,Business on Main,1
http://buz.fm,Buz.FM,1
http://c.cocacola.co.jp/,ã?³ã?«ã?»ã?³ã?¼ã?© ã??ã?¼ã?¯,1
http://cabin.jp/meteor/chitose5_bot.html,å??å¤©å®?å¯ºå¹¼ç¨?å??ã??ã??ã?½ã?½çµ?,1
http://cafesolarsail.takara-bune.net/,æ??æ??ã?®è?¹è?²ï¼µï¼¦ï¼¯,1
http://cagert.com.br,Cage,2
http://caltweet.com,CalTweet,6
http://cancer.anime-japan.net/,ã?­ã?£ã?³ã?µã?¼ã?¹ã?¿ã?¸ã?¢ã? ,1
http://capitalregion.ynn.com,YNNAlbany,1
http://cartweet.com/,cartweet.com,1
http://casa.com,@juanquispe94,1
http://cascada.site88.net/ACT/index.html,Auto Creador de Tweets ,1
http://catalyticconvertersales.com,Catalytic Converter Sales,1
http://ccpr.jp/,â?? ï½?ï½?ï½?ï½?.jp â??,1
http://cdn.movatwi.jp/contents/touch/index.html,ã?¢ã??ã??ã?¤touch,2
http://cdu-politik.de/,CDU-Automat,2
http://charabotmake.appspot.com/?locale=ja,ç?½ç¾?å®®ï¼?ã?¸ã?£ã??ã?¼ã?«,1
http://charactorbot.appspot.com/,æ¡?ã??ä¸?å¥³å­?é«?ç­?å­¦æ ¡2å¹´1çµ?,2
http://cheapbraceletwatch.com,Cheap Bracelet Watch Reviews,1
http://checpcushionswholesale.com,cecilia255210,1
http://checpcushionswholesale.com,desiree249610,1
http://cheebow.info/chemt/archives/2007/04/twitterwindowst.html,Twit for Windows,46
http://chi.usamimi.info/Program/Application/BouyomiChan,æ£?èª­ã?¿ã?¡ã??ã??,4
http://chiba.cool.ne.jp/fundosi/pen/,é??è??ã?¹ã??ã?ªã?³ã?¿ã?¼äº?å??å®¤,1
http://chinanews.onehotspots.com,China News OneHotspots,1
http://chisamikan.appspot.com/?locale=ja,ã?¢ã??ã?¤ã?«ã??ã?¤ã??ã?¿ã?¼,1
http://choco-tabetai.jugem.jp/?eid=1,ã??ã?¼ã?¯ã??ã?¹ã?¨ã?ªã??ã?¹ã??ã?®é??,1
http://choqok.gnufolks.org/,Choqok,1
http://choqok.gnufolks.org/,Kubuntu Choqok,2
http://citcuit.in,CitCuit,14
http://cityandpress.com/,City And Press,1
http://clockradiocheapin.us/109-clockradiocheapin.us/index.php,clockradiocheap in us,1
http://cocktaildressessize.com,Cocktail Dresses Size New Year,1
http://code.google.com/,TweetMarko,1
http://code.google.com/p/pocketwit,PockeTwit,2
http://collisionconcierge.com,Collision Concierge,1
http://comforterdesign.com,Comforter Design,3
http://comfortersetstwin.com,Comforter Sets Twin,1
http://competwition.com,Competwitions,2
http://computercomponetns.com/,ComputerHardwareSales,1
http://cont.uplus.co.kr/svc_twitter,OZ Life 24,3
http://correiodobrasil.com.br,Cdb,1
http://cortexapp.com/,Cortex,1
http://cotweet.com/?utm_source=sp1,CoTweet,13
http://crowdfavorite.com/,tweetjeblog,1
http://currenttechnews.com/,Current Tech News,1
http://cutt.us/twitter-in,CUTTUS,1
http://cyg-newsagent.net/,CyG NewsAgent,1
http://d.hatena.ne.jp/Octbot/,Hiryu Kwai,1
http://d.hatena.ne.jp/Yotsuba428/,ä»?äº?ç?¨ã??ã?½ã?³ã?³,1
http://d.hatena.ne.jp/d11/20090920,twksr,3
http://d.hatena.ne.jp/k_katasan/20091031#1256996358,ã??ã??ã??ã?¤,2
http://d.hatena.ne.jp/kacchi0516/,Musica_,2
http://d.hatena.ne.jp/kudzu_naoki/20100519/1274258452,ã?¡ã??ã??ã?½ã??å¤§é?¸,1
http://d.hatena.ne.jp/syo00/20091230,ã?²ã?¤â??ã??ã?¬ã?¹,2
http://d.hatena.ne.jp/true7th/,ã??ã??ã??ã?«ã?¦ã??ã?¼â??ã?°ã?¼ã?©,1
http://d.hatena.ne.jp/zentoo/,Rokkenjima,1
http://d.mino.net/20100113.html,ã??ã??ã??ã??ã??,1
http://da1robot.tumblr.com/,ã??ã??ã??ã??ã?¯ã?©ã?¦ã??,1
http://daikon-bot.jugem.jp/?eid=5,è??æ?¦è»?ã?®ä¸­,1
http://dailybooth.com/,DailyBooth,1
http://dclog.jp/,DECOLOG,1
http://ddc.cohblos.com/,ã?»ã??ã?¿BOT,1
http://ddc.cohblos.com/,ã?»ã??ã??BOT,2
http://deathbrothers.blog34.fc2.com/,å¸?é?½ã?¶ã?¼ã??ã?£ã?¢ã?¹,1
http://derregen.web.fc2.com/chika_bot.html,å??ä½?æ??æ??,1
http://dic.nicovideo.jp/a/%E5%89%B2%E3%82%8C%E5%8E%A8,å?²ã??å?¨å°?ç?¨ã?¯ã?©ã?¤ã?¢ã?³ã??,1
http://dic.nicovideo.jp/a/%E6%89%93%E3%81%A1%E6%AD%A2%E3%82%81(%E3%83%A9%E3%82%B9%E3%83%88%E3%82%AA%E3%83%BC%E3%83%80%E3%83%BC),ã??ã?µã?«ã??ã??ã??ã?¯ã?¼ã?¯ã??ã??ã??ã??ã??ã??,2
http://dishwasherenergy.com,Dishwasher Energy,1
http://disqus.com/,DISQUS,1
http://djtsuyoshi.nari-kiri.com/,ã??ã?¤ã??ã?®ã?©ã?¤ã??ã??ã?¦ã?¹,1
http://dlvr.it,dlvr.it,330
http://donateyouraccount.com,Donate Your Account,1
http://doraemon.oketweet.tk,Kantong Ajaib Doraemon,1
http://doraemon.sblo.jp/,æ?¼ã??å?¥ã??ã?®ä¸­,1
http://dp9n8.co.cc,dp9n8.co.cc,1
http://dqmenu.com/twitter/,ã?¹ã?©ã?¤ã? BOT,1
http://drudgingtonpost.com,drudgington post,1
http://ducky199999.appspot.com/jsp/youyaku_tl.jsp,TLã??è¦?ç´?,1
http://easyforexguides.com,easyforexguides.com,1
http://echobazaar.failbettergames.com,Echo Bazaar,1
http://ecologia.jar.io,ecologia,1
http://eg-search.net/,choice it,1
http://eitan.yu-i.com/,ã??ã??ã??ã??,3
http://elangnuraga.com/twitter,twEL,2
http://elazyrest.net/pochitt/,pochitter,10
http://electricalstoves.com,electricalstoves,2
http://electricfireplaceforsale.com,electric fireplace for sale,2
http://electricfurnacereviews.com,Electric Furnace Reviews,2
http://electricheaterstove.com,Electric Heater Stove,2
http://electronics-ereader.com,Best Ereader ,1
http://elwi.info/aqua/,RAIN Phone,1
http://emplay.me,emplayme,1
http://empleon.com,empleoncom,1
http://en.ourminigames.com/twitter/index.html,flash_game,1
http://engage.3birdsmarketing.com,3 Birds,1
http://envivo.13.cl/,envivo.13.cl,1
http://epichearts.game4u.co.kr/main/main.jsp,EpicHearts,1
http://eptr.jp/,epitter,3
http://erika.net/,erika.net playlist,1
http://erimass74.appspot.com/?locale=ja,ã?¾ã??ã? ã??ã??,1
http://escortreviewthumb.com,AnnB escorts,1
http://eurekanode.appspot.com/,ç·?å??ã??ã?¥ã?¼ã?¹è?ªå??ç·¨é??é?¨,1
http://example.com,Alot Bot,1
http://excater.com,Excater,1
http://explore.live.com/windows-live-writer,Windows Live Writer,1
http://eyegin1.blog35.fc2.com/,ã?´ã?¼ã?«ã?¤ ã?¬ã?¬ã?ªã?³,1
http://ezinearticles.com,EzineArticles,1
http://facebook.fanrank.me,Fanrank.me,1
http://faixamobi.com,FaixaMobi,1
http://favstar.fm,Favstar.FM,14
http://fieldtrip.fcdonders.nl/,FTTweet,1
http://financesolutionsblog.com,Finley Finances,1
http://fineweather.net,fineWeather,1
http://firebrat-vfg.net,firebrat vfg,1
http://flickr.com/services/twitter/,Flickr,7
http://fllwrs.com,fllwrs,8
http://flowervillage.blog94.fc2.com/,ã??ã?¨ã??ã?«ã??ã?¬ã??,1
http://football-tv-live.com/,football-tv-live.com,1
http://formspring.me,Formspring.me,23
http://fortysix046.blog.shinobi.jp/Entry/1653/,è¶?ã?¹ã?©ã?¤ã??ã??ã?©ã?³ Th666,1
http://forums.homeseer.com/showthread.php?p=912226,HomeSeer,1
http://foursquare.com,foursquare,238
http://franpure.nengu.jp/simpleVC_20111103161707.html,ç´?é­?é¤¨å?°ä¸?ã??ã?©ã?³ã??ã?¼ã?«ã?®ç§?å®¤,1
http://free--view.com/,free--view.com,1
http://free-porn-videos.tv,MilfForPuma,1
http://free4syrian.wordpress.com,AntiGovDoc,1
http://freeaudios.org,Free Audios,1
http://freeplan.web.fc2.com/bot/iku.html,æ??æ??å­¦å??å±?ä¸?,1
http://freeplan.web.fc2.com/bot/kazuki.html,ç??å¾?ä¼?å®¤,1
http://freesupport.fixonefree.com/topic.asp?TOPIC_ID=489&CAT_ID=12,Tweet Mod for Snitz Forums,1
http://friendfeed.com,FriendFeed,12
http://ftwi.jp/,ã??ã?µã?¤ã??Î±ç??,7
http://fun.ly,fun.ly,2
http://funger-antena.silk.to/,new pokoron33 app,1
http://futboldirecta.com,Futbol Directa,2
http://futuretweets.com,Futuretweets V2,2
http://fwix.com,Fwix,1
http://galiciahoy.wordpress.com,Galicia hoy,1
http://gameblogs.net,GameBlogs.net,1
http://games.spotsvstripes.com,Cadbury Party Popper,1
http://ganzart.com/,ganzart_bot,1
http://gapfoot.limaoo.com,Gapfoot Game,1
http://gaulsori.com/clarinet,Clarinet for Android,2
http://genesis-horizon.net/,â??å®?æ³?é??ç¥?â??,1
http://genesix.co.jp/apps/gachatwi/,ã?¬ã??ã?£ã??ã?¤,7
http://genkmarkdn.blog.fc2.com/,å?·äº?ã?¯ã??ã?¤ã??è²´æ?¹ã?®å¾¡å??ã?« -Forever With You-,1
http://genkouheero.jugem.jp/,ZERO System Ver 1.0,1
http://geoflake.com,geoflake.com,1
http://getglue.com,GetGlue.com,11
http://getmarci.com,Marci,3
http://getsocialscope.com,SocialScope,81
http://getsocialscope.com/,SocialScope ,1
http://getsocialscope.com/,SocialSÑ?ope,6
http://getspaz.com,Spaz HD for webOS,1
http://gfdm.chakin.com/,ã?®ã?¿ã??ã?©ã?³ã??,1
http://giant.backdrop.jp/_cc/_nihoro/,ã??ã?°ã?«ã??ã??,1
http://gijisekai.tobiiro.jp/kururugibot.htm,ã?©ã?³ã?¹ã?­ã??ã??ã?®ä¸­,1
http://gimprin.com,NoA.NoA,1
http://github.com/TeckniX,SiriusXM AREA playlist,1
http://github.com/adamfast/python-tweetar,python-tweetar,3
http://github.com/sorah/udon_tairiku,ã??ã?©ã??å¤§é?¸ (Uton Tairiku),1
http://gitinchina.com,a hole in the GFW,1
http://gladlyCast.com,gladlyCast SMS,1
http://gladosjapanese.web.fc2.com/index.html,Aperture Science,1
http://globalgrind.com,UncleUber for Blackberry,22
http://goal.mwap.at/,Goal.com,2
http://godudu.com,GoDudu,1
http://goforandroid.com,GO Photo,1
http://gohantabeyo.com,gohantabeyo.com,1
http://golauncher.goforandroid.com,GO Launcher EX,12
http://gomiso.com,Miso,1
http://google.co.jp,è¿·ã??ã?®ç«¹æ??ã?»æ°¸é? äº­å?¨è¾º,4
http://google.com.br,Mensagens do AlÃ©m,1
http://gozonews.com,Browser for Gozo News,1
http://granite-sale.com,granitesaleapp2,3
http://gravy.fm,Gravy FM,1
http://gregtoluca.blogspot.com/,GregMusica,1
http://gwibber.com,Gwibber for Linux,1
http://haber.mynet.com,Mynet Haber,1
http://halmidi.com/doc/nisehorn/,ã?«ã??ã?»è?³,3
http://happy.getyau.com/,ã?¢ã??ã?ªWO6EyeDZA,2
http://hbb-check.com,ç?ºå£²æ?¥ã??ã?§ã??ã?¯,1
http://heatingsystemusa.com,heatingsystemusa,1
http://heliotrope.lix.jp/brg/lesta.html,Lesta's room,1
http://heliotrope.lix.jp/brg/selma.html,Selma's room,1
http://hellotxt.com,hellotxt.com,1
http://heyvid.com,HeyShare,1
http://hiddenpineapple.com/rowi,rowi,4
http://highdownload.ru/,HIGHDOWNLOAD.RU,1
http://hightad.blog27.fc2.com/,SGSæ?¥æ?¬,1
http://hightad.blog27.fc2.com/,ã?µã?¼ã?¸ã?§ã?¹,1
http://hijikatafanbot.seesaa.net/,ç??é?¸çµ?,1
http://himodesu.appspot.com/?locale=ja,â?¦Vï½?å»¿_å»¿V {ä¿ºã?®å??,1
http://hipstamaticapp.com,Hipstamatic,1
http://hiruoppai.web.fc2.com/#section1,ï¼?äºº&#9685;&#8255;&#8255;&#9685;äººï¼¼,1
http://hisohisoto.blog.fc2.com/blog-entry-31.html,ã??ã?³ã?·ã?±æ?§å??å??é??,1
http://hj.to,hj.to,1
http://hmx-13.sakura.ne.jp/sakuya/,ç´?é­?é¤¨ä½¿ç?¨äººå®¤,1
http://hokagekaede.appspot.com,alice_charabot,1
http://homewareview.com,Homeware Reviews,1
http://hotelservice.deutsche-privathotels.de/tw,DeutschePrivathotels,1
http://hotot.org,Hotot for Chrome,14
http://hotot.org,Hotot,2
http://housinengi.appspot.com/?locale=ja,é»?ç?¹è??ã?¨ä¸?ç·?,1
http://ht-seek.com/pc/game/,TheWiseSayingInTheWorld,1
http://hybridlogic.co.uk/code/wordpress-plugins/hl-twitter/,HL Twittter,2
http://i.ttlv.jp/,ra,2
http://iSurel.com,iSurel,2
http://iTweet.net,iTweet.net,10
http://iappli.nipapa.com/mincho/list/,æ??æ??ä½?ã??ã?³ã?¡,1
http://ibraheiem.net/fr7,mojtma_sport,1
http://ibytes.net,NewGoogleNews,1
http://id6n5.co.cc,id6n5.co.cc,1
http://identi.ca,identica,2
http://ifttt.com,ifttt,30
http://iggi.com.br,Classificados IGGI,1
http://igoods.minim.ne.jp/,igoods,2
http://ikoubuyi.com,äº?å??â?¢ ,1
http://imatsubu.jp,imatsubu,1
http://imezi.com,imezi.com,1
http://imorv.com,ImorvÂ®,1
http://incourts.co.uk/,In Courts Daily,1
http://individ.nl,DeanyTweet,1
http://instagr.am,Instagram,152
http://int.mydns.to/kawashironitori.html,å¦?æ?ªã?®å±±ã?®éº?,1
http://intur-mirage.com,New York sports news and blogs,1
http://ioribot.jugem.jp,æ¸?è°·ã??ã??å?¬å??,1
http://iphone.natsulion.org,NatsuLiphone,1
http://islamqa.com,IslamQA_ipad,1
http://isoniccommunications.com,twitsonic,1
http://itunes.apple.com/WebObjects/MZStore.woa/wa/viewSoftware?id=333204331&mt=8,SakuttoKoukan,1
http://itunes.apple.com/WebObjects/MZStore.woa/wa/viewSoftware?id=365306093&mt=8,Tweet for iPhone and iPad,1
http://itunes.apple.com/jp/app/ameba/id349442137?mt=8,Ameba for iPhone,2
http://itunes.apple.com/jp/app/favotterviewer/id367487618?mt=8,favotterviewer,1
http://itunes.apple.com/jp/app/id388549602?mt=8,2chã?¾ã?¨ã??ã?µã?¤ã??ã?ªã?¼ã??ã?¼,1
http://itunes.apple.com/jp/app/id406613151?mt=8,2chã?¾ã?¨ã??ã?µã?¤ã??ã??ã?¥ã?¼ã?¢ - MT2 iPhone,1
http://itunes.apple.com/us/app/365days-sit-up/id416324414?mt=8&uo=4,365days Sit-up on iOS,1
http://itunes.apple.com/us/app/cloudy-exporter/id484626424?mt=8&uo=4,Cloudy Exporter on iOS,1
http://itunes.apple.com/us/app/feeddler-rss-reader-pro/id365710282?mt=8,Feeddler,1
http://itunes.apple.com/us/app/hln.be-mobile/id403025567?mt=8&uo=4,HLN.be Mobile on iOS,1
http://itunes.apple.com/us/app/imdb-movies-tv/id342792525?mt=8&uo=4,IMDb Movies & TV on iOS,1
http://itunes.apple.com/us/app/instagram/id389801252?mt=8&uo=4,Instagram on iOS,3
http://itunes.apple.com/us/app/japan-life/id437434661?ls=1#,Japan Life,1
http://itunes.apple.com/us/app/macg-mobile/id346175650?mt=8&uo=4,MacG Mobile on iOS,1
http://itunes.apple.com/us/app/read-it-later-pro/id309601447?mt=8&uo=4,Read It Later Pro,1
http://itunes.apple.com/us/app/reforma-for-ipad/id384199656?mt=8&uo=4,REFORMA for iPad,1
http://itunes.apple.com/us/app/temple-run/id420009108?mt=8&uo=6&partnerId=30&siteID=x57HaVmLCLA,Temple Run,5
http://itunes.apple.com/us/app/tweetme-fast/id473228184?mt=8&uo=4,TweetMe Fast on iOS,1
http://itunes.apple.com/us/app/tweetsplit/id460008334?mt=8&uo=4,Tweetsplit on iOS,1
http://itunes.apple.com/us/app/twitter/id409789998?mt=12,Twitter for Mac,327
http://itunes.apple.com/us/app/twitter/id409789998?mt=12,TwÑ?tter for MÐ°c,8
http://itunes.apple.com/us/app/twitterrific-for-twitter/id359914600?mt=8,Tweeterific for iPhone,1
http://itunes.apple.com/us/app/valor-hd/id444300378?mt=8&uo=4,Valorâ?¢ HD on iOS,2
http://itunes.apple.com/us/app/valor/id384844988?mt=8&uo=4,Valorâ?¢ on iOS,3
http://itunes.apple.com/us/app/words-with-friends-free/id321916506?mt=8&uo=4,Words With Friends Free,2
http://itunes.apple.com/us/app/zite-personalized-magazine/id419752338?mt=8&uo=4,Zite Personalized Magazine,2
http://itunes.com/apps/niftycorporation/cocologeditor/,ã?³ã?³ã?­ã?°ã?¨ã??ã?£ã?¿,1
http://itweetlive.com/,itweetlive,1
http://iztlbot.en-grey.com/,ã??ã?©ã?¼ã??ã?¯ã?©ã??ã?«ã?¼,1
http://iztlbot.en-grey.com/Entry/87/,ã?©ã?¦ã?¶ã?¼,1
http://jagadtrack.com,JagadTweet,3
http://jaillife.co.uk/,JailLife.co.uk,1
http://janetter.net/,Janetter Classic,11
http://janetter.net/,Janetter for Mac,18
http://janetter.net/,Janetter,542
http://jecbot.blog134.fc2.com/blog-entry-4.html,ã?¹ã??ã?£ã?¢,1
http://jewelerspearl.com,jewelerspearldotcom,1
http://jibemobile.net,au one Friends Note,2
http://jiepang.com.tw,è¡?æ??(JiePang)-å?°ç?£/é¦?æ¸¯,1
http://jigtwi.jp/?p=1,jigtwi,357
http://joberta.com,OneJobAMinuteUK,1
http://jobs.renego.co.uk,jobs.renego.co.uk API,1
http://jobs.renego.de,jobs.renego.de API,1
http://jornal.ceiri.com.br,CEIRI NEWSPAPER,1
http://jp.androlib.com/android.application.jp-dip-notatall-android-mixvtweet-ziwC.aspx,mixvTweet,3
http://jugem.jp,jugem_blog( jugem.jp ),2
http://justcoz.org,JustCoz,1
http://kakeashi.web.fc2.com/ruca_bot.html,æ?³ã??ã??ç¹?ã??æ??,1
http://kansai.fugal-104.jp/,ã??ã?¼ã?®ã?£ã?«104é?¢è¥¿ç??,1
http://kantand.sakura.ne.jp/afi/afi.html,æ??å ±å??æ??ã?¯å?²ã??ã??,1
http://kanvaso.com,Kanvaso,5
http://kiicode.sakura.ne.jp/issue/issue.php?T=issue_17,local_cooking1,1
http://kinen-sengen.jp/,ã?¿ã??ã?³ã??æ?­ã?¤å¹´ï¼?ä¸?é?±é??ç¦?ç??å®£è¨?ã?ªã??,1
http://kingbedroomfurnituresetssale.com,King Bedroom Furniture Sets2,1
http://kingmaker.kr,Koreapolitics ,1
http://kishibe.dyndns.tv/qmaclone/,QMAClone,1
http://kissfm.ua,KissOnlineStatus,1
http://kitchenoutletstores.com,kitchenoutletstoresdotcom,1
http://konalt.com/l2t,MUSEL,1
http://koreantweeters.com,ì½?ë¦¬ì??í?¸ì??í?°,1
http://koyuki-bot.fq01.com/OAuth/,ã??ã?©ã?¼ã??ã?£ã?¢é­?æ³?å­¦å??,1
http://krile2.starwing.net/,Krile2,36
http://kslab.nagaokaut.ac.jp/w/,KSL-Tween,1
http://kuroiyas.appspot.com/,ã?«ã?£ã??ã??ã?®ã??ã?½ã?³ã?³,1
http://l0ad.net,emkdev,1
http://lakeomusical.com,LakeoMusical.Com,1
http://langitmalam.tumblr.com,skrembelbot2,1
http://langitmalam.tumblr.com/,soundloop,1
http://lastfmlovetweet.com/,LastfmLoveTweet,4
http://laterbro.com,LaterBro.com,1
http://latinamericanrestaurantil.com/,Restaurant_Ebok,1
http://lazyshoutout.com,LazyShoutOut For IPhone,2
http://lazyshoutout.com,LazyShoutOut,1
http://lazyshoutout.com,LazyUnfollow IPhone,1
http://leenk.me/,leenk.me,1
http://lemmaforplaybook.com/,Lemma for PlayBook,2
http://levelupstudio.com,PlumeÂ Â ,815
http://lifestream.aol.com,AOL Lifestream,3
http://lightbulb.com,Cool Content Companion,1
http://lightdigital.com.au,LightDigital Now Playing,1
http://like.jp,LIKE!,1
http://linkth.com/,ã??TOKIOã??æ??æ?°ã??ã?¥ã?¼ã?¹,1
http://listpipe.com/,ListPipe Link,1
http://live.nicovideo.jp/,ã??ã?³ã??ã?³ç??æ?¾é??,2
http://live.wiwit.jp/,wiwit live,5
http://locomolabs.com,TweetComb,3
http://logpi.jp,ã?­ã?°ã??(logpi.jp),2
http://luxuryhomevideosonline.com,LHVO Feed,1
http://lxath.fool.jp/e/butz.html,æ??ç¸?ã?¨é??äº¡ã?®ã?²ã??ã?¿ ,1
http://lxath.fool.jp/e/onion.html,è³¢è??ã?®é??ã?®ã?²ã??ã?¿,1
http://m-pe.tv/u/page.php?uid=ardbeg&id=12,ã?­ã?§ã?³æ§?ï¼?ç¬?ï¼?ã?®å¿?ã?®ä¸­,1
http://m.dabr.co.uk,Dabr,36
http://m.fluppy.me,Fluppy Â®,15
http://m.flusr.net,m.flusr.net,3
http://m.nplay.com.my/tw2m,Maxis tweet2me,2
http://m.ntwyt.com,ntwytâ?¢,7
http://m.tuitl.net,m.tuitl.net,7
http://m.tweete.net,m.tweete.net,165
http://m.ubersocial.com,UberSocial Mobile USA,2
http://m.ubersocial.com,UberSocial Mobile,72
http://macaubot.jugem.jp/,å??æ¹¾å¤§é¦¬è·¯,1
http://maglog.jp/Koutyan/7000040829500if.jpg,æ¸?è°·ç§?å¤«ã?®é? ã??å®¶,1
http://manageflitter.com,ManageFlitter,1
http://mango-spider-mite-kia.org,mango spider mite kia,1
http://manta.bz,Wangsit,1
http://maquia.web.fc2.com/,menta psychommunity02,1
http://market.android.com,Withme.Twitt,1
http://marketmesuite.com,MarketMeSuite,11
http://mashable.com,Mashable Follow,1
http://maskicharabot.appspot.com,BAAAAASEBALL,1
http://mataani.com/,ã?¾ã??ã?¢ã??ã?¡è¦?ã?¦ã??,2
http://matomech.com/,matomech,1
http://maxstocker.com,MaxITApp,1
http://md511.org,StateMDPP,1
http://md511.org,Statemd_prod,2
http://meadd.com,Meadd,4
http://megababko.ru,megababko,1
http://megane510.web.fc2.com/index.html,è?ªå®?ã??ã?¹ã?¯PCå??,1
http://memonoura.web.fc2.com/sakura.html,è¡?å®®é?¸,1
http://memstreams.appspot.com/,memstreams,1
http://mepergunte.com/,MePergunte.com,1
http://messaging.nokia.com/site/main.do,Ovi by Nokia ,58
http://meteo.by,Chronobotik,1
http://mexico.cnn.com/,mexico.cnn.com,1
http://micelle.tsuchigumo.com/twitter/yamamekurodani.html,å¹»æ?³é¢¨ç©´,1
http://microblog-purple.googlecode.com,mbpidgin,1
http://miil.me/,miil.me,1
http://milkxxx0808.appspot.com/?locale=ja,ï¼?å¤§ã??ã?¼ã? å?¶è¦?ï¼?ï¼?,1
http://milky-holmes.com/anime.html,æ?´å??ã?¯ã?ºã??ã?­,1
http://minimoba.jp/,ã?¿ã?«ã??ã?°,4
http://minkara.carview.co.jp/,minkara,1
http://mirachristine.com,mirachristine apps,1
http://miruzow.nifty.com,å®?æ³?ã??ã?¬ã??ç?ªçµ?è¡¨ ã?¿ã??ã??ã??,1
http://misaka16342.blogspot.com/,MNW16342,1
http://mitersawusa.com,Miter Saw USA,1
http://mixi.jp/promotion.pl?id=voice_twitter,mixi ã??ã?¤ã?¹ ,38
http://mmajunkie.mwap.at/,MMA Junkie,1
http://mng.f-navi.jp/login/,é¢¨ä¿?æ¡?å??æ??,1
http://mobile.bugs.co.kr,ë²?ì?¤,1
http://mobile.esv.org,ESV Bible App iApple,1
http://mobile.gungho.jp/details/kpq.html,Princess Punt,1
http://mobile.twitter.com,Mobile Web,3604
http://mobile.twitter.com,Twitalong,1
http://mobile.ubersocial.com/sherlockholmes2,Sherlock Holmes 2 for Android,10
http://mobile.ubersocial.com/sherlockholmes2,Sherlock Holmes 2 for BlackBerry,95
http://mobilerk.com/,Zoro,1
http://mobileroadie.com,MobileRoadie,1
http://mobileways.de/gravity,Gravity!,27
http://mobileways.de/gravity,Gravity,21
http://mobiter.net,Mobiter,2
http://mobitweet.starhub.com/,StarHub MobiTweet,1
http://mof.oidn.info/,ã??ã?µã??ã?µã??,3
http://molo.me,MOLOME,1
http://monkiti-jp.blogspot.com/,Oretoku for Desktop,2
http://monostaff.jugem.jp/,ã?¢ã??ã?¹ã?¿ã??ã??api2,1
http://moozone.com,Moozone,1
http://moruru.net/?cat=1,çµ?æ¸?å­¦.bot,1
http://motionobj.com/simplytweet,SimplyTweet,7
http://motorsportstube.com,MotorSportsTube,1
http://movatter.jp,Movatter,12
http://movedanceradio.com/index.php?option=com_content&view=article&id=72,MovePlaylist,1
http://mozat.com,Mozat for tweets,3
http://mrrsoftware.com/MRRSoftware/Syrinx.html,Syrinx,1
http://msnbc.com/,msnbc.com feeds,1
http://mucchin.roof-balcony.com,TweetForever,6
http://multiply.com,Multiply Crossposter,1
http://music.jp/,music.jp for Android,1
http://musketeer-bot.jugem.jp/,ã?·ã?¥ã??ã?ªã?¨å­¦å?? ç??äº?é?·å®¤,1
http://muzy.com,Muzy.com,2
http://mynetwork-project.com,myNETwork,1
http://nagoya.whstour.com/,NagoyaSekaii3News,1
http://nailbook.jp,Nailbook,1
http://nano.silk.to/blue/,å?? ç«? é?£,1
http://nanos.jp/akairohaien/page/18/,æ??ã?®è¦?ã??ã??æ??,2
http://nanos.jp/ifperiod/,ã??ã??ã?³ã?°ã?¬ã?¼ã?´ã?¡ã?®ã?©ã??ã??(ã?«ã??ã??ã??ä»?ã??),1
http://nbagrapevine.com,NBA GRAPEVINE,1
http://negative2positive.info,Negative 2 Positive,2
http://nenaikobake.appspot.com,ã?­ã?ªã??ã??ã??ã?°ã??,2
http://neogaf.com/,NeoGAF new threads,1
http://netinsatu.all-recycle.net,ã?¢ã??ã?ªNndM0v2wx_3,1
http://news.nicovideo.jp/,ã??ã?³ã??ã?³ã??ã?¥ã?¼ã?¹,5
http://newscafe.ne.jp/,NewsCafe,1
http://newsforward.org,NewsForward for BlackBerry,18
http://ngreader.wordpress.com/,NextGen Reader,1
http://niku-kyu003.appspot.com/,ã??ã?¢ã?¨bot,1
http://niku-kyu003.appspot.com/?locale=ja,ã?¸ã?¨ã?³ã??ã?£ã?¢ å¤§é?¸,1
http://no.nl/,No.nl,1
http://nobokko.blog8.fc2.com/blog-entry-404.html,mobilenewsåº?å??ç?¨,1
http://nononanamibot.appspot.com/?locale=ja,ä»®é?¢ã?©ã?¤ã??ã?¼é?¨,1
http://notice.tistory.com/1357,Tistory2Tweet,1
http://notresponding.tk/,Not Responding,5
http://nowplayingplugin.com/,Now Playing,4
http://npsptter.dip.jp/,N-PSPã?£ã??ã?¼,3
http://nuqar.com/,http://nuqar.com/,1
http://occupylosangeles.org,Occupy Los Angeles,1
http://officeelectronicsstore.com/,OfficeElectronics,2
http://oi.com,oi.com,1
http://oketter.okwave.jp/,OKetter,1
http://okinawa-jp.net/,okinawa_jp_net,3
http://okinawa.web-special.jp,webspecial.jp,1
http://omisenomikata.jp/,omisenomikata,1
http://onegotter.1gokan.com/bot.php?id=maria0_bot,ã??ã?¼ã??ã?¼ã?£ã??ã?¼,2
http://onlineshoppingbest.com,onlineshoppingbestdotcom,1
http://onlywire.com/,OnlyWire / Official App,2
http://orangatame.com/products/openbeak/,OpenBeak,2
http://orangotag.com/,Orangotag,3
http://osako43bot.blog101.fc2.com/,é?? æ?¥ æµ· å²¸ ,1
http://ouyukibot.appspot.com/?locale=ja,ç??é?ªã?¼ã?£ã?¨ä½?ã??,1
http://oxkinaxwaxokinawa.ti-da.net/,ã?¯ã??ã?¸ã?£ã??ã??ã?£ã?³ï¼ å¤§ã??ã?ªã??æ²?ç¸?,1
http://ozora.zoku-sei.com/Entry/1/,ã?­ã?£ã??ã??ã?­ã?¼ã??é?¸,1
http://pacn-twit.channel.or.jp/auth/,PAC'N TWIT,1
http://pankia.com/,pankia,1
http://paper.li,Paper.li,12
http://path.com/,Path 2.0,13
http://pc.animelo.jp/,Milky Holmes Alarm App,1
http://pene-twitter.eciton.lolipop.jp,ã??ã?©ã?³ã?¹ã??ã??ã??ã??.,1
http://pepsisoundoff.com,Soundoff,1
http://perfectquran.com,The Perfect Quran,1
http://peropero.jp,ã?ºã??ã?£ã??ã?¼ Perottr,6
http://petrolina1.com.br/,petrolina1,1
http://pha22.net/twitterbot/,EasyBotter,60
http://pha22.net/twitterbot/,æ¾?ä¹?æ±?å­¦å??å¸¸è?¥å¯®,1
http://pha22.net/twitterbot/2.0/test.php,ã?¦ã?¿ã??ã?³ã?®å¿?ã?®ã?ªã??,1
http://phnxapp.com,phnx,5
http://photobucket.com,My Photobucket,1
http://picplz.com/,picplz,2
http://ping.fm/,Ping.fm,41
http://pinterest.com,Pinterest,8
http://pixiv.cc/latte2.ninpocha/archives/2672765.html,å? è?¤æ??,1
http://planetmeteos.com/introduction/intro_01.html#oreana,é??ã??åº?ã??æ??æ??ã?ªã?¬ã?¢ã??ã?®ã?©ã??ã??,1
http://play140.com,TAG: The Acronym Game,1
http://playispeace.com/blog/470/twitter-bot-tukkomimura,tukkomimura,1
http://playmobsterworld.com,Mobster World,1
http://pluggio.com,Pluggio,1
http://plurk.com,Plurk,12
http://plusist.com,Plusist,1
http://pokevega.appbank.net/index.html,Get! PocketVegas,18
http://pontakuji.ponta.jp/,Pontaã??ã??ã?¢ã??ã?ª,4
http://portablegeneratoronline.com,Portable Generator Online,1
http://posterous.com,Posterous,3
http://pow.xii.jp/zero/,ã??ã??ã??ã??,1
http://press54.com,press54com,1
http://pressurecannershop.com,Pressure Canner Shop Review,1
http://pro-object.info/,inventnew application,1
http://projects.playwell.jp/go/Saezuri,Saezuri,277
http://proteinos-weavrs.appspot.com,proteinos-weavrs,1
http://proyectoasia.com,ProyectoAsia-Radio,1
http://psptter.dip.jp/,PSPã?£ã??ã?¼,23
http://publicize.wp.com/,WordPress.com,20
http://pukplay.co,Pplay app,1
http://puppytweet.com/,Puppy Tweets,1
http://qa-now.com/,ã??Q&Aã?ªã??ã??,1
http://qs-software.jpn.org/,dmmblot,1
http://quintr.net/appli/pictriver/,PictRiver,1
http://quotetank.com,QuoteTank Minutely,1
http://r-tm.jp/,Realtime love,6
http://r.tabelog.com/tokyo/A1301/A130101/rvw/COND-0-1-2-0/D-dt/1/,TabelogGinza,1
http://radian6.com,Radian6 Conversation Sidebar,1
http://rakubots.kissa.jp/,rakubo2,8
http://ranbot.blog27.fc2.com/,å¹»æ?³é?·ã?®ä½?å?¦ã??,1
http://ranknow.biz,twitrankingkeyword,1
http://re-tweet.net/,ã?¢ã?¹ã?¯ï¼?ã?ªã??ã?¤ã?¼ã??,1
http://read2ch.com,xi_news,1
http://real-result.tk,NevzorovaL0ve,1
http://real-result.tk,NicePomoshneg,1
http://real.decoo.jp/,Decooã?ªã?¢ã?«,2
http://realty.newsline.com.ua/twitter.php,realtynewsline,1
http://rebelizm.com/bot/,ã??ã?«ã?µã?¬ã? ã?ºã?»ã?­ã??ã??,1
http://red-badger.com,Birdsong for Windows Phone,1
http://reederapp.com,Reeder,3
http://reisei0jyone2.jugem.jp/?eid=2,å­£å°?æ??ã?»ç??è°·ç¥?ç¤¾,1
http://rep.licants.org,rep.licants.org,1
http://reteaualiterara.ning.com,Reteaua literara,1
http://retwedia.com,Retwedia.com,5
http://retweettweet.com,ReTweetTweet,1
http://rio7th.s370.xrea.com/,ã?¨ã??ã??è§¦æ??ã?®è¶?ç?¾å??ç ²ï¼?TweetLilyGunï¼?,1
http://rockmelt.com,RockMelt,22
http://rosaecrucis.blog129.fc2.com/,è??è??å??å­?æ?¢å?µç¤¾,1
http://rose.ni-3.net/Entry/1/,ã?«ã??ã?§ã?ªã?¬ã??ã?¦ã?«ã?®ä¸­,1
http://rraurl.com,rraurl,1
http://rthk.hk,rthklocal_c1,1
http://runkeeper.com,RunKeeper,3
http://runninggpssale.com,runninggpssale,1
http://sandaysoft.com/,Sandaysoft Cumulus,3
http://sandbox5219433.appspot.com,testtweet5219433,1
http://sarahamalia.us,sarah app,2
http://satochi87-bot.sblo.jp/,(Â´â??Jï½?),1
http://scooptter.biz/,scooptter,1
http://score--live.com/,score--live.com,1
http://screamradius.com,screamradius,1
http://sdd.ath.cx/imouto/,imouto_bot,1
http://seeems.com,tracer,1
http://seesmic.com/,Seesmic,213
http://seesmic.com/seesmic_desktop/sd2,Seesmic Desktop,3
http://seesmic.com/seesmic_mobile/blackberry/,Seesmic for BlackBerry,1
http://seoulbus.astroframe.com/,Seoul Bus,1
http://service.sakuraweb.com/fuyutiger/,fuyutiger,14
http://sgBEAT.com/,sgBEAT,1
http://shape-love.blogspot.com/,ApiExp,1
http://shootingstar067.com/,ShootingStar,15
http://shopexchanges.info,ShopExchanges,1
http://shoppi.jp/,yurakucho_big_bot,1
http://shortyawards.com,Shorty Awards,21
http://shouttweet.com/welcome.html,TweetPad for TouchPad,1
http://shuca.sakura.ne.jp/ninonya_n.htm,(*.ï¾?Ï?ï¾?),1
http://simpleauthtwitter.heroku.com/,Simple Auth Tweeter,1
http://sirokoi.web.fc2.com/,ç§?å??ã?®å??ã??,1
http://sites.google.com/site/bbtweetmedia/,Tweet Media Player,1
http://sites.google.com/site/peraperaprv/Home,P3:PeraPeraPrv,12
http://sites.google.com/site/yorufukurou/,YoruFukurou,186
http://skyclothing.info,ClothesFashions,1
http://skygatespace.appspot.com/,æ??æ??å­¦å??è ?åº§å¯®,1
http://skyviapp.com,Skyvi,1
http://slizzerd.ly,getslizzerd,1
http://smatwi.jp,ã?¹ã??ã?¤ã??,1
http://sns-dokaan.com/,new_twibo02,2
http://social-mgmt.com,Social Publish,1
http://socialad.blog.me,NextTok,1
http://socialcam.com,Socialcam,1
http://socialrapbr.appspot.com,Social Rap Nacional,1
http://socialyst.net,Socialyst,2
http://software.complete.org/twidge,twidge,2
http://solfarena.jugem.jp/,ã??ã?¡ã?¬ã??å¥³ç??å?½å¤ªé?½å®®,1
http://soma-m-bot.jugem.jp/,GNR-101A GNã?¢ã?¼ã??ã?£ã?¼,1
http://sora-ahoaho.sakura.ne.jp/bot/mai.html,è??ã?®ã?¢ã??ã?´,1
http://soranobot.blog29.fc2.com/,å??æµ·é??ï¼?ç?½æ??ä¸­å­¦æ ¡æ ¡è??,3
http://soundcloud.com,SoundCloud,7
http://soundhound.com/,SoundHound,1
http://soundtracking.com,SoundTracking,2
http://sourceforge.jp/projects/charactorbot/wiki/FrontPage,è¥¿æ¶¼ã?¨è??ã?®ã??ã??ã?¾,1
http://sp-o.yum2.net/,ã?¢ã??ã?ªP3xSERy4_spo______t1,1
http://spacewalker.jp/rad,TokyoNihonbashi_Rad,1
http://spicelabs.in/trill.html,trill,1
http://spins.fm,Spins.FM,1
http://splitweet.com,Splitweet,8
http://spongebob.oketweet.tk/,Spongebob Squarepants,2
http://sports-news-live.com/,sports-news-live.com,1
http://spread.us,Spread The Next Web,5
http://sproutsocial.com,Sprout Social,4
http://srbija-nekretnine.org,Nekretninko,1
http://srm.vitrue.com,Social Publisher,1
http://sss.mp3hiti.ru/,Ð¦Ð¸Ñ?Ð°Ñ?Ñ?,1
http://staffingpower.com,Staffingpower,2
http://startgoogleplus.com,SGPlus,2
http://stereolist.com,StereoList,1
http://stockyard.dip.jp,noa_maman-003,1
http://stockyard.dip.jp,skytree_lv1-001,2
http://stone.com/Twittelator,Twittelator,70
http://stone.com/neue,Twittelator Neue,5
http://stoome.com/,Stoome,2
http://storagebenchreviews.com,storagebenchreviews2,1
http://store.handmark.com/,TweetCaster for iOS,1
http://store.ovi.com/search?q=furtiv+twitter,furtiv for Nokia,1
http://strange-insect.com/catapiller.php?action=home,Catapiller,2
http://streamingsportsfree.com/,Streaming sports free,1
http://su.pr/,Su.pr,2
http://sugyan.com/,zenra_bot,1
http://suhastech.com/tr,Tweet Random,1
http://summify.com,Summify,3
http://supertachki2010.info/twit/,twitmen2012,5
http://supertachki2010.info/twit1/,twitonce2012,3
http://supertachki2010.info/twit2/,twit labs 212,3
http://support.xbox.com/,Elite Tweet Fleet,1
http://survive.dyndns.org/~tatsushi,FM Playing,1
http://suzakubot.wiki.fc2.com/wiki/benkei_bot,å?¬ã?®é??å?? ä½?å?©ç¨²è?·(API),1
http://suzuya-bot.jugem.jp/,suzuya bot,1
http://swipe.nokia.com/,Twitter on Nokia N9,1
http://t-bot.o0o0.jp/sofiya/index.html,ã??ã??ã?¿ã?®é? ã??é??,1
http://t.colopl.jp/t/,Colotwi,6
http://t.webkios.info,MoobyÂ®,4
http://t.webkios.info,Stereo Love â?¢,2
http://t.webkios.info,UberDaku,1
http://t.webkios.info,UberSatpam,1
http://t.webkios.info,Valentino Rossi 46,1
http://t.webkios.info,Wish You Were Here Â®,3
http://tabtter.jp,Tabtter,75
http://tabtter.jp/,Tabtter(DMless),1
http://tadanohitonari.sakura.ne.jp/bot/hakurei_reimu.htm,é?°é?½ç??,1
http://tantaan.info/,tantaan,1
http://tapbots.com/tweetbot,Tweetbot for iPhone,325
http://tattoo.globe.com.ph/product/mobiletweet,Globe Mobile Tweet,1
http://tbot404.kitunebi.com/,ã?¬ã?ªã?ªã?ªã?®å®¶,1
http://tekunodo.jp/,Tekuhub,1
http://tenant.com/,Tenant.com,1
http://terrene.blog89.fc2.com/,Azlier_bot,1
http://tetsudo.mobi,Tetsudo Mobile Project,1
http://tettere-oji-b.jugem.jp/,ä½?ã??ã??ã??ã??ã?¬ç??ã?ªé?»æ³¢,1
http://the-crowd.com/,The-Crowd.com,1
http://theeasiestwaytomakemoney.org/blog,TheEasiestWayToMakeMoney,1
http://theinterviews.jp/,ã?¶ã?»ã?¤ã?³ã?¿ã??ã?¥ã?¼ã?º,4
http://tigigi-bot.sakura.ne.jp/fusoso_bot.html,å­?å??ã?«ã??ã??ã?£ã?¦ã??,1
http://timely.is,Timely by Demandforce,2
http://timitim.srv7.biz/twit/nyx_bot.htm,é?½ã? ã?¾ã??é?¸,1
http://tinychat.com,Tinychat Connector,2
http://tinyurl.com/5qva38,Naughty Reviews ,1
http://tituit.net,TiTuit,2
http://todayhumor.co.kr,ì¶?ì²?50í?¸ì??,1
http://toefl-120.seesaa.net/,è?±å??èª?ã?ªã?¹ã??ï¼ TOEFLè?±å??èª?,1
http://togamic.jp/,ã??ã?¬ã??ã??ã?¯ã?¨ã?¯ã?¹ã??ã?§ã?³ã?¸,2
http://togetter.com,Togetter,2
http://tomatomax.net/twigadge,twigadge,1
http://topelectricfireplace.com,Top Electric Fireplace,2
http://torne.jp,ã??ã?«ã??,1
http://tou.ch/,ã?­ã?±ã?¿ã??ã??ï¼?loctouchï¼?,2
http://touchtwit.net,TouchTwit,1
http://tourdefrancenow.com,Tourdefrancenow to tweet,1
http://towntweet.com/,TownTweet,1
http://tr.twipple.jp,ã?¤ã??ã?£ã?·ã??ã??ã?¬ã?³ã??bot,1
http://traffup.net,TraffUP,1
http://triberr.com,Triberr,10
http://trillian.im/,Trillian,5
http://tsunehisa.yotsumeyui.com/,æ??å±±å¯?ç?°å??,1
http://ttalk.pickple.com,TTALK(í?°í? í?¬),1
http://tuitwit.com,Tuitwit,67
http://tulikovaliosha.ru,tulikovaliosha,1
http://turksbot.jugem.jp/?eid=1,ã??ã??ã??ã?¬ã?« å?«ç?ªè¡?,1
http://turksbot.jugem.jp/?eid=5,ç¥?ç¾?ã??ã?«ã?»ã?¿ã?¼ã?¯ã?¹æ?¬é?¨,1
http://turntable.fm/80s_mix_5_songs,JonBotJovi,1
http://turpial.org.ve,Turpial1.6,1
http://tw-b.com/,ã??ã?¤ã??ã?¿ã?¼ BOT,5
http://tw.9wash.com/about,9wash,5
http://twa.im,Tuituit for StrawBerryÂ®,4
http://twa.im,Twaimclient,7
http://twape.com/,Twape,1
http://tweed.pivotallabs.com,Tweed webOS,1
http://tweet.sg/,TweetSG,6
http://tweetbick.tk,TweetBick,1
http://tweetcatch.com,TweetCatch.com,14
http://tweetchat.com/,TweetChat,1
http://tweetet.net,TweetetNet,5
http://tweeting.tworld.co.kr,natetweeting,72
http://tweetitow.com,@tweetitow,14
http://tweetli.st/,TweetList Pro,37
http://tweetli.st/,TweetList!,82
http://tweetlogix.com,Tweetlogix,168
http://tweetmeme.com,TweetMeme,9
http://tweetmyjobs.com,SafeTweet by TweetMyJOBS,4
http://tweetquotes.info,Tweet Quotes,1
http://tweetree.com,Tweetree,1
http://tweetsride.com/,TweetsRide,3
http://tweettaco.com,TweetTaco,1
http://tweetymail.com,tweetymail,4
http://tweue.com,Tweue,1
http://twibbon.com,Twibbon,1
http://twibow.net/,Twibow,18
http://twicca.r246.jp/,twicca,1546
http://twicext.com,Twic Extension,1
http://twidroyd.com,Twidroyd for Android,184
http://twidroyd.com,TwidroydPRO,7
http://twidroyd.com,twidroyd,6
http://twidroyd.com/,TwÑ?droyd for Android,3
http://twilog.org/Aria_the_S_Ammo,æ?±äº¬æ­¦å?µé«?,1
http://twilog.org/akatuki_sora,å?½å??å¾?æ©?ä¸­,1
http://twilog.org/jii_mago_bot,(Â´â??')äºº(å?«ã??),1
http://twilog.org/khamsin_n,å??è£?,1
http://twilog.org/mini_kmsn,ã?«ã??ã?·ã?¥ã?®å¿?å®¤,1
http://twilog.org/na2kano/,ã??ã?²ã?¨ã??ã??ã?¾,1
http://twilog.org/pegasusseiya_b,Japan / SANCTUARY,1
http://twimgo.com,TwimGo 3,2
http://twimgo.substanceofcode.com,TwimGo 2,3
http://twimode.jp/,twimode,1
http://twimode.jp/pc/android/,twimoroid,1
http://twinavi.jp,twinavi,1
http://twipic.me,Twipic.Me,1
http://twipo.yu-i.com/,ã??ã?¤ã??ã??ã?¼,5
http://twipple.jp/,Twipple Pro for Android,8
http://twipple.jp/,Twipple for Android,341
http://twipple.jp/,ã?¤ã??ã?£ã?·ã?? Pro for iPad,11
http://twipple.jp/,ã?¤ã??ã?£ã?·ã?? Pro for iPhone,45
http://twipple.jp/,ã?¤ã??ã?£ã?·ã?? for iPad,36
http://twipple.jp/,ã?¤ã??ã?£ã?·ã?? for iPhone,606
http://twipple.jp/,ã?¤ã??ã?£ã?·ã??/twipple,1275
http://twirobo.com/,twiroboJP,1
http://twitaddons.com,twitaddons,14
http://twitbackr.com,twitbackr,3
http://twitbeam.jp/,twitbeam[ï¾?ï½²ï½¯ï¾?ï¾?ï¾?ï½°ï¾?],42
http://twitbulten.com,TwitBulten,1
http://twitcam.com,Twitcam.com,39
http://twitcast.me,Twitcast.me,6
http://twitcasting.tv/,TwitCasting,25
http://twitdelay.net/,Twit Delay,1
http://twiterous.com,Twiterous,68
http://twitgoo.com,twitgoo,1
http://twitgue.com,TwitGue,3
http://twitkafly.wootylab.com,TwitkaFly,1
http://twitmania.com,TwitManiaâ?¢,20
http://twitpic.com,Twitpic,77
http://twittanic.com,Twittanicâ?¢,10
http://twittbot.net,85degeso,1
http://twittbot.net/,twittbot.net,677
http://twittbot.net/,ã?¾ã??ã??ã?¡ï¼?,1
http://twittbot.net/,ã?¸ã?¥ã??ã?£å°?ç?¨ã?¸ã?¥ã?¨ã?«ã??ã??ã??,1
http://twittbot.net/,ä½?å¤©æ¶?å­?bot(å­¦å??é?½å¸?ã??æ?µå·?ä¸­å­¦),1
http://twittbot.net/,å??å??é«?æ ¡ã?®ã?©ã??ã??,1
http://twittbot.net/,æ¡?æ?°ç?ºã?®ã??è?¶ã?®é??,1
http://twittbot.net/,ç?²åº?ã??ã??ã??,1
http://twitter-chrome.com,chrome-share,2
http://twitter.511ny.org/,511NY,1
http://twitter.abifathir.com,Bukan BlackBerryÂ®,3
http://twitter.com,M-12æ??,1
http://twitter.com,NLVoetbalNieuws,1
http://twitter.com,TopTweets,1
http://twitter.com,Tweetie for Mac,10
http://twitter.com,Yeev,1
http://twitter.com,asonw,1
http://twitter.com,freeNYTimes,1
http://twitter.com,kagamin_bot,1
http://twitter.com,æµ·å??éº?å?­å°?ç?¨ã?³ã?³ã??ã?¥ã?¼ã?¿ã?¼,1
http://twitter.com/,Tweet Button2,2
http://twitter.com/,oshirasekun,1
http://twitter.com/,ã??ã??ã??ç§?ç??æ£?402å?·å®¤,1
http://twitter.com/,ã??ã?¼ã??botã?»æ?¹,1
http://twitter.com/,ã?¯ã??ã??ã?¼ã??æ??æ??,1
http://twitter.com/,ã??ã?©ã? ã?¬ã?¼ã??ã?³,1
http://twitter.com/,ã??ã?¡ã?¬ã??å¥³ç??å?½,1
http://twitter.com/,æ??å±±å?½å??ä¸­,1
http://twitter.com/,ç§?ã??ã?¡ã?®ã??è?±ç??,2
http://twitter.com/,ç§?ã?®å¿?é??ï¿¥300,1
http://twitter.com/#!/Deathcapri_bot,ã??ã?ªã?³ã?¹ã?¿ã?¯ã?¼,1
http://twitter.com/#!/Gst_bot,Gæ°´ä¸?ã?®ä¹³é¦?ã?·ã?¥ã?¼ã?¿ã?¼ã?º,1
http://twitter.com/#!/NOLBAN_bot,NOLBAã?®ã??ã?³ã??ã??ã?£ã?±ã??ã?®é?¨å±?,2
http://twitter.com/#!/Ruka_zero_bot,æ?§æ??å³¶ã??308å?·å®¤è¦³æ??,2
http://twitter.com/#!/SD_Maki_bot,SD_Maki_bot,1
http://twitter.com/#!/Takaha_uni,ã??ã?¹ã??ã??ã??ã?£ã??ã?¼,1
http://twitter.com/#!/Yamazaki_8_bot,é?§å´?ç¬¬ä¸?é«?æ ¡ã??ã?¹ã?±é?¨ã?­ã??ã?«ã?¼,1
http://twitter.com/#!/_k__o___K____,botkun.com,1
http://twitter.com/#!/dolle_bot,ç«?ä½¿ã??ã?®é??,1
http://twitter.com/#!/download/ipad,Twitter for iPad,728
http://twitter.com/#!/download/ipad,TwÑ?ttÐµr for Ñ?PÐ°d,3
http://twitter.com/#!/download/iphone,Twitter for iPhone,10246
http://twitter.com/#!/download/iphone,Ð¢wÑ?ttÐµr for Ñ?PhonÐµ,8
http://twitter.com/#!/felicetore_bot,é?¬é??è¡?å­¦å??ã?®ã?©ã??ã??,1
http://twitter.com/#!/hamoooooon/,hamoooooon,2
http://twitter.com/#!/hirarin_bot,æ°¸å??é??ã??ã??é??ã??ã?¦ã??æ??ã??ã?¼ï¼?,1
http://twitter.com/#!/jigowattBTF,æº?å¼¦ã?¶å´?è»?é??é??å??ã??ã?©ã?³ã?¹ã??ã?¼ã?¿ã?¼,1
http://twitter.com/#!/jokico_seo,jokico-bot,1
http://twitter.com/#!/maison_regulus,å¤§å®¶ç§?å®¤,1
http://twitter.com/#!/mijumaru_chan,ã??ã?¸ã?¥ã??ã?¼ã??ã??ã?©ã?³,1
http://twitter.com/#!/music_port,music_port.bot,1
http://twitter.com/#!/pishatter,æµ·ã?¨å??ã?®é??,2
http://twitter.com/#!/s_tomoyo_bot,æ¡?ä¸¦æ?¨,1
http://twitter.com/#!/sawayanagi,å??ç?°å?¬å??,1
http://twitter.com/#!/scorpion_milo_b,å¤©è ?å®®ï¼?è??å??,2
http://twitter.com/#!/tenbin3bot,è?¬å£²ã??ã??ã??ã?®æ??ã?®ä¸?,1
http://twitter.com/#!/xshopxcashx,â??ã?ªã?ªã??â??,1
http://twitter.com/#!/youkai_bem_bot,ä¿ºã??ã?¡ã?®ã??ã??ã?¡,1
http://twitter.com/#!/yuhi_tokugawa,ä¸?æ²³ã??å?ªè?¯ã?®ã?¨ã?ªã??,1
http://twitter.com//tension_agatte,ã??ã?³ã?·ã?§ã?³ä¸?ã??ã?£ã?¦ã??ã??ã??ã??ã??ã??ã??ã??,1
http://twitter.com/Akaza0727,é­?ç??å?³æ?¸é¤¨,1
http://twitter.com/AmzJpDvdBest3,AmzJpDvdBest3,1
http://twitter.com/AzmaYaY,æ½®æ±?ã?¨ä¸?æ?¾ã?®é??,1
http://twitter.com/Coda_bot,å?¤æ?¸åº?ã??Tindalosã??,1
http://twitter.com/DiyHit_,DiyHit_,1
http://twitter.com/DvdNewPc,DvdNewPc,1
http://twitter.com/GakkiHit,GakkiHit,1
http://twitter.com/Gengetsu_BOT,å¹»æ?³é?·ã?®ã?©ã?£ã??,1
http://twitter.com/Gyteng,é»?è?²å¹½é»?,1
http://twitter.com/Lune_rm_bot,æ??ã?®è¦?ã??ã??ä¸?,1
http://twitter.com/M_Atsushi_bot,é?½æ³?é«?æ ¡,1
http://twitter.com/Madoka_Kaname_,ç´?ç²?ã?ªé¡?ã??,1
http://twitter.com/PASELI_charge,PASELI,1
http://twitter.com/RememberTheNot,Care-tron 5000,1
http://twitter.com/RickAsstly,RickAsstly,1
http://twitter.com/SKE48BlogList,SKE48BlogList,1
http://twitter.com/Shuji_K_bot,é??ç?°å·?é«?æ ¡2å¹´Bçµ?,1
http://twitter.com/Sid_Bamick,å®?å®?å¸?å?½ã?¶ã?³ã?®ã?£ã??ã?¯è¨?ç·´æ??,1
http://twitter.com/SwissHeadlines,Switzerland News,1
http://twitter.com/TFA_SHOCKY_t,å®?å®?ã?®ã?©ã?£ã??,1
http://twitter.com/TheProfGrammar,Professor Grammar,1
http://twitter.com/TweetMe4S,TweetMe for S!ã?¢ã??ã?ª,4
http://twitter.com/WorldMoneyNews,World Money News,1
http://twitter.com/ab_hinata_bot,æ?¥å??ã?®è?ªå®?,1
http://twitter.com/alchimie_ef_bot,ã?¢ã?¯ã?»ã?«ã?®é?£,1
http://twitter.com/amano_rox,å??é?³ã??ã?¯ã?®ã?©ã?¤ã??,1
http://twitter.com/ayumiradB,Ã?berBismaniac,1
http://twitter.com/bltm2,WindParser BLTM2,1
http://twitter.com/bokkkkkko,ã?³ã?©ã?¡ï¼?,1
http://twitter.com/bonkotsubot,å?¡éª¨ã?®æ??å?°,1
http://twitter.com/bot_kurumi,æ¢?ã?£ã?¦å?¼ã??ã? å¥´ã??ã?¼ã??,1
http://twitter.com/bunzyaku_bot,æ??è?¥ï¼?botï¼?,1
http://twitter.com/chinami__bot,æ?¥å??ã?®æ£®ã?®ä¸­,1
http://twitter.com/d_achilles_bot,ã??ã?³ã?®é??ã?®ä¸­,1
http://twitter.com/deaitensi,deaitesiã?®ã?¤ã?¶ã??ã??,1
http://twitter.com/devices,Twitter MMS,1
http://twitter.com/devices,txt,780
http://twitter.com/doson711,å??ç?³é?¬æ??ã?«ã?¼ã? ï¼?ã??ã??ã??ã??ã?®ã??ã??ã??ï¼?,1
http://twitter.com/download/android,Twitter for Android,6970
http://twitter.com/fubuki_bot,å??ã?¶å³°ã?®æ?¨ã?®ä¸?,1
http://twitter.com/ganbare__nippon,ã?¬ã?³ã??ã?¬ã??ã??ã??ã?³,1
http://twitter.com/gensou2hero_bot,è¼?ã??ç?¾ã?®ç´?ç« ,2
http://twitter.com/gunma_travel,gunma_travel,1
http://twitter.com/hanamiya_bot,é?§å´?ç¬¬ä¸?é«?æ ¡,2
http://twitter.com/haydinamaza,Allah'Ä±n izni,2
http://twitter.com/hetaleus_bot,æ£®ä¸?ã?®ã?¨ã?ªã?¢3,1
http://twitter.com/hiroto_bot__,é??è°·ã??ã?­ã??,1
http://twitter.com/home,ã?­ã?±ã??ã??å?£ ã?¢ã?¸ã??,1
http://twitter.com/iNewsWakayama,iNewsWakayama,1
http://twitter.com/inori_memooff,ç¥?å¥?å·?ç??æ¡?å³°å¸?æµ?å?²ç?º2-13-26,1
http://twitter.com/johann_a,ç?°æ¬¡å??ã? ã?£ã??ã??DAã? ã?£ã??ã??ã??ã?ªã??ã??ã??ã?·ã??ã?£ã? ã?£ã??ã??ã??ã??,1
http://twitter.com/kaoritasirobot,5121å°?é??,1
http://twitter.com/kitami_bot,å??è¦?bot,1
http://twitter.com/koichi_digi_bot,From DigitalWorld,1
http://twitter.com/kuronuma_sawako,é»?æ²¼ç?½å­?,1
http://twitter.com/l_yeufee,ã?¬ã?©ã?ªã? ã?»ï¼?ã?«ã?¬ã?®ã?¢ç??å?½,1
http://twitter.com/mdoll_charlotte,ç??ç«?æ©?å·§å­¦é?¢,1
http://twitter.com/meitanteiSK_bot,å·¥è?¤æ?°ä¸?æ?¢å?µäº?å??æ??,1
http://twitter.com/mfjanusfluo,mfjanusfluo,1
http://twitter.com/mystia_l_bot,å¦?æ?ªã?®æ£²ã??æ£®,1
http://twitter.com/neta__bot,ã??ã?¿BOT,1
http://twitter.com/news2ch/news2ch,Î½é??ã?¹ã?¬ã?¿ã?¤é??ä¿¡,1
http://twitter.com/ngp_feed,NGPã??ã?£ã?¼ã??,1
http://twitter.com/niigata_travele,niigata_travele,1
http://twitter.com/p_beelzebubot,ã?«ã??ã?³å??,1
http://twitter.com/remilia_bot,ç´?è?²ã?®å¹»æ?³é?·,1
http://twitter.com/rtfirstcc,rtfirstcc,1
http://twitter.com/sahabatPAGl,sahabatPAGl,1
http://twitter.com/saikyo_itnews/,å?²ä¸?æ??å¼·ã?®ITã??ã?¥ã?¼ã?¹é??å ±,1
http://twitter.com/saikyo_news/,å?²ä¸?æ??å¼·ã?®ã??ã?¥ã?¼ã?¹é??å ±,1
http://twitter.com/sakamichi3_bot,ã?¤ã?³ã??ã?¤ä¼?å ´,1
http://twitter.com/sekito_bot,å??å¸?ã?¨é?¢ç¾½ã?®ã??ã??ã? ,1
http://twitter.com/sino__bot,æ?¨ã?®è??ã?®é??ã?®ã?©ã??ã??,2
http://twitter.com/slbot0,SwiftletApp-0,2
http://twitter.com/soryuA_bot,èµ¤ã??æµ·è¾º,2
http://twitter.com/sr_amks_bot/,æ?¥æ?¥å±±å??ã?®PCé?¨å±?,1
http://twitter.com/stefanfkx,stefanfkx,1
http://twitter.com/sttaiko,sttaiko,1
http://twitter.com/sugattor_b,ã??ã??ã??ã??ã??,1
http://twitter.com/sunohara_bot,æ?¥å??é?½å¹³,1
http://twitter.com/takamaru_5_bot,ã??ã??ã??ã?ªã??ã?¿ã?®ã??ã?®ã?«ã??ã??ã?¾ã?®ã?¡ã??ã??,1
http://twitter.com/tntn_bot,(ï½¡â?¹Ï?â?¹ï½¡),1
http://twitter.com/torii__bot,é³¥äº?å®?,1
http://twitter.com/touhi_bot,å??ã?®ã??ã?°,2
http://twitter.com/trademark_bot,trademark bot,1
http://twitter.com/tweetbutton,Tweet Button,963
http://twitter.com/ysgr_flea,ã?¿ã??å??è¼©ã?®é?£,1
http://twitter.com/yukito_k_bot,ã?©ã?¼ã?¡ã?³ã?»ã??ã??,1
http://twitter.ecyber.biz/,Exchange Tweet,3
http://twitter.freequizz.es/,freequizz.es (NEW),4
http://twitter.jp/nen_neco,ã?­ã??ã?­ã??,1
http://twitter.softama.com/,ã??ã?¤ã?¿ã??,179
http://twittercounter.com,The Visitor Widget,8
http://twitterer-wiki.com/index.php?cmd=read&page=%40uameildi221&word=%40uameildi221,BdM-ç??æ??ã?§ã?¡ã?¤ã?£ã??ã?¼,2
http://twitterfeed.com,twitterfeed,1639
http://twittermobile.net/,Phonetweets,5
http://twitterrific.com,Twitterrific for Mac,6
http://twitterrific.com,Twitterrific,26
http://twitthis.com/,TwitThis,1
http://twittme.mobi,twittme.mobi,1
http://twitturk.com,twitturk.com,1
http://twitvideo.jp/,twitvideo,1
http://twmode.sf.net/,twmode,2
http://twpf.jp/loz_hound_bot,å??å?©ã?®ã??ã?¡ã?³ã??ã?¡ã?¼ã?¬â?ª,1
http://twpf.jp/sakuta_ryusei,å¤©ã??å·?å­¦å??é«?ç­?å­¦æ ¡,1
http://twsh.jp/,TwitShepherd,1
http://twtkr.com,twtkr for Android,35
http://twtkr.com,twtkr for iPad,7
http://twtkr.com,twtkr for iPhone,38
http://twtkr.com,twtkr,148
http://twtmanager.com,twt_manager,3
http://twtr.jp,Keitai Web,4170
http://twtr.jp,Twitter for iAppli,8
http://twuffer.com,Twuffer,1
http://uber50.com,Uber50,5
http://ubersocial.com,UberSocial for Android,494
http://ubersocial.com,UberSocial for BlackBerry,4769
http://ubersocial.com,UberSocial for iPhone,43
http://ubersocial.com,UberSocial,114
http://ubersocial.com/,UberSocial  for  BlackBerry,1
http://ubersocial.com/,UberSocÑ?al for AndroÑ?d,4
http://ubersocial.com/,UberSocÑ?al for BlackBerry,39
http://ubersocial.com/,UberSocÑ?al for iPhone,8
http://ubersocial.com/,UberSocÑ?al for Ð?lackBerry,15
http://ubersocial.com/,UbÐµrSociÐ°l for iPhone ,3
http://ukun726.appspot.com/?locale=ja,Abel1105_bot,1
http://umuyashi.sakura.ne.jp/botmanual/398readme.php,ç´?é­?é¤¨ã?¡ã?¤ã??å?·å??å®¤,1
http://usamimi.info/~atuy/kouki/,é??ã??ã??ã?±ã??ã??,3
http://usao.3rin.net/,é¬¼é??ã??ã??ã?®è??ã?®ä¸?,1
http://usecmagazine.usecnetwork.com,Usec Network Magazine,1
http://user.myga.jp,ã?²ã?¼ã? ã?³ã?¼ã??ã?¼,2
http://ustrank.sohalab.info/,rank reminder,1
http://utweetme.navetke.ru/,uTweetMe For Mobile,1
http://v-colosseum.com,v-colosseum,2
http://v2c.s50.xrea.com/,V2C,11
http://victorique2.blog.fc2.com/,ã??ã??ã?·ã??ã?£ã??ã?¼â?ªâ?ª,1
http://videos.anglosearch.com,Anglosearch.com,1
http://vimeo.com,Vimeo,1
http://vk.com,vk.com pages,30
http://vk.com,vk.com,83
http://vkontakte.ru/svobodnie.ludi,auto1,1
http://votebyip.com,votebyip,1
http://vouchar.net,vouchar_glasgow,1
http://wabeno.club.officelive.com/www/reunion/60s.mht,RS232,2
http://walhai.jugem.jp/,è??å¾³ã?®é¤¨,1
http://washingmachineusa.com,Washing Machine USA,1
http://wcvbcreative.com/,NC5 Re-Tweets,1
http://web.me.com/caizer,TweetTime for iPad,1
http://webpartner.com,WebPartner,3
http://weheartit.com,weheartit.com,8
http://whatpulse.org,WhatPulse Tweets,1
http://who.unfollowed.me,Who Unfollowed Me,1
http://wikiwiki.jp/ersword/?%C4%C0%A4%F3%A4%C0%A5%EC%A5%B7%A5%A2%A5%E0,ã?§ã?¾ã?¼ã??ã??,1
http://windowsphone.com/s?appid=4cde5478-9ccd-47d4-8062-55446740f51a,Tweet It! for Windows Phone,1
http://wordpress.org/extend/plugins/twitter-publisher/,TwitPublisher,1
http://workingreen.de,work in GREEN,1
http://wso.li,WordSocial,1
http://www.06.com.au/,Lighting Shop AU,1
http://www.1004story.com,ë??ë??ì??ê°?ë?¤,2
http://www.11st.co.kr,11st Web,1
http://www.1st-movers.com/,AutoTweet Connector,7
http://www.8d.com.au,8d Pop Culture Shop,1
http://www.8rich.net/tw/,Tsubuyaki App,1
http://www.90teknoloji.com,doksantr,1
http://www.AmsterDATA.nl,AmsterDATA,1
http://www.BigFoxNews.com,BigFoxNews,1
http://www.Blackipres.com,New  postsjhvkjb,1
http://www.DynamicTweets.com,Dynamic Tweets,1
http://www.FanBridge.com/r/twitter/,FanBridge,1
http://www.GroupTweet.com,GroupTweet,7
http://www.NieuwsPolitie.nl/,NieuwsPolitie7,1
http://www.TechHit.com/TwInbox/,TwInbox,1
http://www.TheDailyVibe.net,The Daily Vibe Affirmation,1
http://www.TweetJamz.com,TweetJamz,11
http://www.WindowsPhone.com/,WindowsLive,8
http://www.aanbod.be,AanbodBE,1
http://www.abc.anana.com,ABC_Channel,1
http://www.abestcellphone.com/,BestCellphone,1
http://www.aboutmyway.com,Aboutmyway.com Retweet App,1
http://www.abvio.com/runmeter/,Runmeter,2
http://www.abvio.com/walkmeter/,Walkmeter,1
http://www.acer.com,SocialJogger,1
http://www.addSeguidores211742.com.br,iAdd Seguidores 211742,15
http://www.addictweet.com,Addictweet Mobile,14
http://www.adlesse.com,Adlesse,1
http://www.afreeca.com,ì??í??ë¦¬ì¹´ - afreeca,6
http://www.airportview.net/,AvSpec Feed,1
http://www.ajaymatharu.com/,Tweet Old Post,37
http://www.alcatel-mobilephones.com,Alcatel mTweet,4
http://www.aldoja.com,Ø­Ø¯Ø« Ù?Ù? Ù?Ø«Ù? Ù?Ø°Ø§ Ø§Ù?Ù?Ù?Ù?,1
http://www.alertas.cl,Alertas.cl,2
http://www.alfoo.org/diary46/butler_bot/,ï¾?ï¾?ï½³ï½¨ï¾?ï½½ï¾?ï¾?ï½°ï¾?ã??å?·äº?æ§?ã?®é?¨å±?,1
http://www.allus.com,BigBang_Allus,1
http://www.allvoices.com,Allvoices.com,1
http://www.alphonsolabs.com/,Pulse News,3
http://www.ameba.jp,ã?¢ã?¡ã?¼ã??ã?½ã?¼ã?·ã?£ã?«ã??ã?©ã??ã??ã??ã?©ã?¼ã? ,2
http://www.ameba.jp/,Ameba for Android,2
http://www.ameba.jp/,guppi,1
http://www.androians.com/,SKY Androian,35
http://www.androlib.com/android.application.com-matsumo-installnow-nBBt.aspx,installNow,1
http://www.annuncigratuiti.org,AnnunciGratuiti.org,1
http://www.aooqp.com/,aooqp,1
http://www.aplus-app.com,A.plus App,1
http://www.apparentsoft.com/socialite,Socialite.app,1
http://www.apple.com,Camera on iOS,28
http://www.apple.com,Photos on iOS,27
http://www.apple.com,Safari on iOS,9
http://www.apple.com,YouTube on iOS,14
http://www.apple.com,iOS,3
http://www.apple.com/itunes/ping/,iTunes Ping,1
http://www.asincode.com/ranking/dvd,æ? ç?» ã??ã?©ã?? DVDã?®é??è²©,1
http://www.asincode.com/ranking/toys,ã??ã??ã?¡ã??ã?®é??è²©,3
http://www.auction.co.kr,eBayAuction,1
http://www.azumio.com,Azumio,1
http://www.bada.com,Samsung Mobile bada,2
http://www.bandainamcogames.co.jp/am/vg/wanganmaxi3dxplus/,SPEEDSHOP ã??ã??ã??,2
http://www.bandainamcogames.co.jp/mobile/k/iphone/kittytw/,Hello Kitty app,1
http://www.bandsintown.com/facebookapp?came_from=16,Bandsintown,1
http://www.bannerweb.ch/unsere-leistungen/wordpress-dev/simple-twitter-status-updates/,Simple Twi. Status Updates,1
http://www.barnesandnoble.com,NOOK,1
http://www.bazaarvoice.com/static/curious-about-tweetconnect/,TweetConnect,1
http://www.bedrijventekoop.nl,Bedrijventekoop.nl,1
http://www.bicycle-parts.com.au,Bicycle Parts Australia,1
http://www.bif-fairs.com,BIF FAIRS,1
http://www.bigcho.co,phaser,1
http://www.biglobe.ne.jp/,NEC Pipli Viewer,1
http://www.binreminded.com,binReminded,2
http://www.bitak.net/twitter/,bitak.net publisher,1
http://www.bonhumor.com,B0NHUM0R,1
http://www.boostdirectory.com,boostdirectory.com,1
http://www.botize.com,Botize,8
http://www.boxwoodtech.com,CareerCenter,1
http://www.bravenewcode.com/products/wordtwit,WordTwit Plugin,12
http://www.brizzly.com,Brizzly,5
http://www.broadbean.com,Adcourier,5
http://www.brokertips.co.uk,Broker Tips UK,1
http://www.bullhornreach.com/,Bullhorn Reach,6
http://www.buoyalarm.com,Buoy Alarm,2
http://www.buzzcapture.com,Buzzcapture,1
http://www.calciotweeting.com,CT-Catania,1
http://www.campussportsconnection.com,Campus Sports Connection,1
http://www.canalaiz.it/,SocialInform,2
http://www.captureplay.com,CapturePlay Live,1
http://www.cardcaptorsakura.jp/ha_bot,ç§?ç«?æ¡?ã??ä¸?å¥³å­?é«?ç­?å­¦æ ¡,1
http://www.catsone.com,CATS Applicant Tracking System,3
http://www.chambermaster.com,ChamberMaster,1
http://www.chavez.org.ve,MisionCHC,1
http://www.churpchurp.com,Churp Churp,1
http://www.citytweet.nl,Citytweet,1
http://www.codeceleb.com,Travel Deals Alerts CC,1
http://www.companies-list.net,Companies List,1
http://www.constantcontact.com,Constant Contact,6
http://www.cootoo.co.kr,cootoo,1
http://www.cosmicbreak.jp/,CosmicBreak,3
http://www.coupodon.com/,storewithcoupon1,1
http://www.coyhaiquedatos.cl,Publicaciones CoyhaiqueDatos.cl,1
http://www.crouto.com/teewee,Teewee,80
http://www.crowy.net/,Crowy,2
http://www.cultstory.com,ì? ëª?ì?°ì??ì?¸ í?¸ì??,1
http://www.cw4u.com/blog/,twWebt,1
http://www.cyworld.com,ì?¸ì?´ì??ë?? ë¯¸ë??í??í?¼,1
http://www.dailydeal.io,Daily Dealio,1
http://www.dailymile.com,dailymile,3
http://www.daum.net,Daum,1
http://www.decor.ua/,decor_twit,1
http://www.deep.fm,DeepFM - Now Playing,1
http://www.delist.jp/,DelistarRealtimeInfo,1
http://www.destroytwitter.com,DestroyTwitter,13
http://www.digital2b.com,Digital2B.com,1
http://www.digsby.com/?utm_campaign=twitter,Digsby,6
http://www.discountbrashop.com,Bras Reviews & Shop,2
http://www.dnscook.net,dnscookApp,1
http://www.docodemo.jp/twil/,Twil2 (Tweet Anytime,Anywhere by Mail),57
http://www.dojispace.com,Stock Screener,3
http://www.dragonmobileapps.com/index.html,Dragon Dictation,2
http://www.dropbox.com,DropboxÂ ,1
http://www.eboss.co.uk,eBoss Recruitment Software,1
http://www.echofon.com/,Echofon,1953
http://www.echofon.com/,Ð?chofÐ¾n,8
http://www.echofon.com/twitter/ipad/,Echofon for iPadÂ®,1
http://www.ekispresso.com/stations/1615,loveKichijoji,1
http://www.elchisme.net,elchisme,1
http://www.elifemonitor.com/,Tweetmeter,1
http://www.elsabelonada.com,El Sabelonada,1
http://www.emailvision.com,Emailvision,1
http://www.emmettmachine.com,Emmett Machine,1
http://www.endomondo.com,Endomondo,1
http://www.enps.com,ENPS,1
http://www.europetrucks.eu/,EuropeTrucks,1
http://www.eurovisionvideo.com,Eurovision Video,1
http://www.exaporn.com/,exaporn tweet,1
http://www.exblog.jp/,excite blog,4
http://www.facebook.com/twitter,Facebook,763
http://www.fair-news.de,FN Dienstleistungen App,1
http://www.fair-news.de,FN Gesundheit App,1
http://www.fanfeedr.com,FanFeedr,1
http://www.fanstep.net,Fanstep Sports Fan  ,1
http://www.fashionmodeldirectory.com,FashionModelDirectory.com,1
http://www.fcinter1908.it,FCInter1908.it iOS,1
http://www.feedblitz.com/f/f.fbz?help/default#twitter,FeedBlitz,5
http://www.feedly.com,feedly,2
http://www.feedsntweets.nl/,Feeds'n'Tweets,1
http://www.feel-on.com/ja/iphone/index.html,Feel on! iPhoneç??,7
http://www.fenrir-inc.com/jp/snapcrab/,SnapCrab,1
http://www.feynman.co.jp,è?²æ??ã?²ã?¼ã?  MEGU,7
http://www.flight.co.jp/iPhone/TweetMe/,TweetMe for iPhone,14
http://www.flipboard.com,Flipboard,14
http://www.flogvip.net,FlogVIP.net,1
http://www.followeet.com,Followeet,1
http://www.followinfaith.com,His Word,1
http://www.footballmanager.com,Football Manager Handheld,1
http://www.forcetweet.nl,ForceTweet,1
http://www.freeindex.co.uk,FreeIndex.co.uk,1
http://www.frequency.com,Frequency,1
http://www.froo.com,Froo! Smart Social,1
http://www.fullsearch.com.ar/,FULLSearch,1
http://www.fullseat.com,Fullseat,1
http://www.fusiontech.me/wordpress/wordpress-tweeter/,WPTweeter,4
http://www.garzonbienesraices.net,GBR,1
http://www.gcmsoftware.com,GCMSocial,1
http://www.geekfreelancers.com,Geek Freelancers,5
http://www.gensoukyou.org/,æ?±æ?¹å¹»æ?³é­?é?²,4
http://www.geocities.jp/twicli/,twicli,8
http://www.geocities.jp/yurippe_bot/,æ­»ã??ã? ä¸?ç??æ?¦ç·?,2
http://www.gestionaleauto.com,GestionaleAuto.com,2
http://www.globalmediapost.com,GlobalMediaPost,1
http://www.gmarket.co.kr,Gmarket,2
http://www.gokpop.com/,GoKpop Awards,1
http://www.goodreads.com,Goodreads,1
http://www.goodtemps.org,GoodTemps.org,1
http://www.google.co.jp,æ??æ??å­¦å??å¼?é??é?¨å®¤,3
http://www.google.co.jp,æ°´é?·æ?? å?¤é??å®¶,1
http://www.google.co.jp/,ç?«ã?®å?½ã??ã??,1
http://www.google.com,è°¢è°¢ä½ ä¸?å®¶é?¨,1
http://www.google.com/,Google,275
http://www.google.com/,å??æ?¨,2
http://www.googleclassifieds.com,oxyclassi,1
http://www.gwtlm.com/,FreightBoard,1
http://www.h-fj.com/blog/,TWTunes,4
http://www.haberpan.com,Haber Pan,1
http://www.hadermann.be/callback,Comments Poster,1
http://www.handibanque.fr,HandiBanque,1
http://www.handmark.com,TweetCaster for WP7,6
http://www.handmark.com,TweetCaster for iOS,112
http://www.happy.co.th/social,Social App by dtac,15
http://www.harrypotter-letrain.com/,ã??ã?ªã?¼ã?»ã??ã??ã?¿ã?¼ ã?°ã??ã?º,3
http://www.hatena.ne.jp/guide/twitter,Hatena,6
http://www.homeplaza.de,Home-plaza.de,1
http://www.hootsuite.com,HootSuite,592
http://www.hotpepper.jp,Hotpepper,2
http://www.hraparak.am,Hraparak.am,1
http://www.hrus.co.il,HRus.co.il,1
http://www.htc.com, HTC Peep,65
http://www.htc.com,HTC Peep,2
http://www.huawei.com,Huawei Social Phone,1
http://www.hubspot.com/,HubSpot,1
http://www.huffingtonpost.com,The Huffington Post,8
http://www.hypestat.com,HypeStat,2
http://www.hyves.nl/profielbeheer/external/mashup/twitter.com/,Hyves,1
http://www.icebirdapp.com,Icebird for iOS,2
http://www.icontact.com,iContact's Social Tools,1
http://www.icq.com/download/icq/,ICQ Feeds,1
http://www.idol24.net/,idol24net,1
http://www.ihavenone.foo,oudwijf,1
http://www.imagineer.co.jp/,twippa,3
http://www.immoproxio.be,ImmoKortrijk,1
http://www.incansoft.com,Incansoft RSS2Tweet,1
http://www.infraware.co.kr,Mobile Posting Browser,1
http://www.ingegroeidenagel.net,RGGIndy,1
http://www.innovations.com,YogaPilatesRankin,1
http://www.inovationstyle.com,YukataRanking,1
http://www.intel.co.jp/jp/tomorrow/city/index.htm,Intel Tweet City,8
http://www.iomise.com,iOmiseShare,3
http://www.ipedal.com,iPedal.com News Feed,1
http://www.iskoot.com/products/att-social-net,AT&T Social Net,1
http://www.isop.co.jp/main/kakugen.htm,ganchikuoh,1
http://www.itaste.com,itaste_infos,1
http://www.itsmymarket.com/,itsmymarket.com,1
http://www.jatis.com,Hape  Esia,8
http://www.jibemobile.com,Jibe Mobile App,4
http://www.jmobileapps.com/webos/,Yak Free,5
http://www.jstwi.com/kurotwi/,KuroTwi,5
http://www.justsystems.com/jp/products/tweetatok/,Tweet ATOK,61
http://www.kirisame.info/bot/,æ??è?²ã??ã?¹ã?¿ã?¼ã?¹ã??ã?¼ã?¯,1
http://www.kissdum.com/,ã??ã??ã??ã??ã?£ã??ã?¼ã?£ã?¦ã?ªã??ã? ã??,2
http://www.kk.com,newkk,3
http://www.kore.yoyakutter.info/index.php,yoyakutter,1
http://www.krupashankar.com/tam,tamiltweet,1
http://www.lared.cl/,LaRed,1
http://www.last-outpost.co.uk,LastOutpostUK,1
http://www.lg.com,LG Phone,53
http://www.lg.com,LG_Phone,2
http://www.lguplus.com/,LG U+ ì??ì??ë§¤ë??ì ?,1
http://www.lifeiscrime.com,Life is Crime,3
http://www.lightbox.com,Lightbox for Android,2
http://www.lightwoods.org,Lightwoods Reviews,1
http://www.likemytweets.com/,Like My Tweets,23
http://www.linkedin.com/,LinkedIn,30
http://www.linksalpha.com/,LinksAlpha,24
http://www.littlerocknews.org,Little Rock News,Inc.,1
http://www.livejournal.com/,LiveJournal.com,4
http://www.livere.co.kr,S.R.S LiveRe!    lol,1
http://www.livestream.com,Chat Widget,2
http://www.log85.com,Corrector,1
http://www.log85.com,NEM,1
http://www.lovemoments.co.uk,LM Update,1
http://www.lucianolopes.com/unfollow,Unfollow Finder,3
http://www.luuux.com,luuux_app,1
http://www.mailchimp.com,MailChimp,2
http://www.manmademag.com/de/,ManmadeMag de,1
http://www.mbok.jp/_l?u=7415027,snowdrops_love,1
http://www.mccannserver.com/,MilimMilim,1
http://www.media.kyoto-u.ac.jp/ja/access/,å??ã?¡ã??ã?£,1
http://www.medicalresource.co.uk,Site feed 03,1
http://www.melon.com,MelOn,2
http://www.meltwaterbuzz.com,Meltwater Buzz,1
http://www.metroclub.be,MetroClub.be,1
http://www.metropcs.com/,MobileIM,4
http://www.metrotwit.com/,MetroTwit,23
http://www.mieveningout.com,mieveningout.com,1
http://www.misuzilla.org/dist/net/twitterircgateway/,TweetIrcGateway,6
http://www.miyowa.com,Hape Esia,6
http://www.mjnet.co.jp,mjnet_new,1
http://www.mondaq.com,Mondaq_Tweet,1
http://www.moshimo.com/top/348849/,ã??ã??ã??ã??ã?­ã??ã??ã?·ã??ã??ã?³ã?°,1
http://www.motorola.com,DROID,4
http://www.motorola.com,MOTOBLUR,8
http://www.motorola.com,Motorola mTweet,27
http://www.mouthshut.com/index.php,Mouthshut.com,1
http://www.movatwi.jp,ã?¢ã??ã??ã?¤ / www.movatwi.jp .,169
http://www.movatwi.jp,ã?¢ã??ã??ã?¤ / www.movatwi.jp,391
http://www.movatwi.jp,ã?¢ã??ã??ã?¤,37
http://www.movatwi.jp,ã?¢ã??ã??ã?¤smart / www.movatwi.jp,17
http://www.msng.info/,Botå·¥å ´,1
http://www.mthorne.co.uk,FestivalPlaylist,1
http://www.mutualmind.com,MutualMind,1
http://www.mybdesign.com/iphone/itm/,In the Mood for iPhone,1
http://www.mybdesign.com/itm/,In the Mood for Dashboard,1
http://www.mysite.com,th4utwitupdates,1
http://www.myspace.com/sync,MySpace,13
http://www.myyearbook.com/,myYearbook Share,7
http://www.mz3.jp/,TkMixiViewer,3
http://www.naharnet.com,Naharnet,1
http://www.nairatweets.net/,Nairatwts Network,1
http://www.nambu.com/,Nambu,1
http://www.nancyziering.com,NZ-twit,1
http://www.nationalpetregister.org,Pet Register API,1
http://www.nazrin.jp/,ã??ã?ºã?¼ã?ªã?³ã?©ã?³ã??,1
http://www.nethouseprices.com,NHP_Cramlington,1
http://www.nethouseprices.com,NHP_Dawlish,1
http://www.nethouseprices.com,NHP_HoughtnRegs,1
http://www.nethouseprices.com,NHP_Southsea,1
http://www.netmile.co.jp/,NetMile,1
http://www.networkedblogs.com/,NetworkedBlogs,17
http://www.news-republic.com,News Republic,1
http://www.news24.com,News24 iPhone App,1
http://www.nhk-ep.co.jp/,è¨?ã??ã? ã??diet,1
http://www.nhk-ep.co.jp/,è¨?ã??ã? ã??dietAndroid,1
http://www.nibirutech.com,TwitBird,170
http://www.nibirutech.com/,TwitBird iPad,2
http://www.nibirutech.com/mobilerss-google-reader-iphone.html,MobileRSS,1
http://www.nicovideo.jp/,ã??ã?³ã??ã?³å??ç?»,55
http://www.nieuwsvideos.com,Nieuwsvideos.com,1
http://www.nike.com,Nike Application,3
http://www.nimbuzz.com,Nimbuzz Mobile,45
http://www.ning.com,a Ning Network,1
http://www.nokia.com,Mobile client,7
http://www.nokia.com,Nokia Connect,1
http://www.noodls.com,NoodlsHouseholdFeed,1
http://www.noodls.com,noodlsFinanceFeed,1
http://www.noodls.com,noodlsRetailFeed,1
http://www.norad.de,Glastopf API,1
http://www.nordhausen.net/cms/account/connect_twitter/,nnz-streams,1
http://www.npdiario.dominiotemporario.com,NpTemp,1
http://www.objectiveapps.com,Simple Truths iPhone App,1
http://www.officerep.net,OfficeRep Reviews,1
http://www.oliverquinlan.com/liveblogs,Oliver Quinlan's Liveblogs,1
http://www.olleh.com,@olleh,1
http://www.olleh.tk/,ì?¬ë ?í?¡(olleh talk),5
http://www.onlinecagefighting.com,OnlineCageFighting.com,1
http://www.oqueusar.com.br,OqueUsar ,1
http://www.oralco.es/,newtter,1
http://www.orkut.com.br/Main#Community?cmm=114001900,Cidade Maravilhosa: Rio,5
http://www.osfoora.com,Osfoora HD,4
http://www.osfoora.com,Osfoora for iPhone,80
http://www.osfoora.com/,Ð?sfoora for iPhone,1
http://www.ozetgec.com,ozetgec.com,1
http://www.p-shop.info,brand item up,1
http://www.p-world.co.jp/tokyo/,P-WORLD_tokyo,1
http://www.p2000zhz-rr.nl,P2000 Gelderland Noord Oost,1
http://www.pahoo.org/e-soul/webtech/php06/php06-25-01.shtm,PahooTweet,1
http://www.paktolos.com/tripland/,Tripland,1
http://www.panoramicsoft.com/mobileapps/motweets/moTweets.php,Panoramic moTweets,15
http://www.patiowood.net,Outdoor Living Reviews,1
http://www.pdpp.ru/,PDPP.RU,1
http://www.pearltrees.com,Pearltrees Account,1
http://www.peejstudio.com/iphone/holybible/,Holy Bible,1
http://www.pennantchase.com,Pennant Chase,1
http://www.petshoppe.co.uk,Pet Shoppe UK,1
http://www.photo4me.com/canvasprints/john-d-hare,JohnDHare,1
http://www.piggy-code.co.uk,piggy-code coupon codes,1
http://www.pixiv.net/member.php?id=265069,312å?·,1
http://www.pixiv.net/member_illust.php?mode=medium&illust_id=15029628,ã?ªã?³ã?´å??,1
http://www.pixiv.net/member_illust.php?mode=medium&illust_id=17926534,ã??ã?¼ã?®ã??ã??ã?¡,1
http://www.pizza.com/,Pizza.,1
http://www.playstation.com/,PlayStationÂ®Vita,19
http://www.pobjeda.me,wp-to-tviter,1
http://www.poderato.com,Poderato,1
http://www.polizeipresse.de,pp_polizei,1
http://www.polyvore.com,Polyvore,1
http://www.portaldeobras.gov.co,Redes Sociales IDU,1
http://www.postcrossing.com,Postcrossing Project,2
http://www.potins.ca,PotinsCaAutoJoomlaTweet,1
http://www.powertools-sale.com,Power Tools Sale,1
http://www.previsite.com,Previsite,2
http://www.prime31.com/tweets,Tweets for iOS,1
http://www.prime31.com/tweets,Tweets iPhone,1
http://www.privetka.ru,Privetka-Ru,1
http://www.proboards.com.au,SnowBoards Australia,1
http://www.proconsi.com,TweetBus,7
http://www.programmation.ch/apiaccess/,apiaccess,1
http://www.prokerala.com/news/,ProKerala News,1
http://www.proto-star.com/,è¿?æ??,1
http://www.pruksapuri.com,pruksa announcement,1
http://www.pulist.net/,Pulist,2
http://www.punicasoft.com/imagetwit,ImageTwit for iOS,1
http://www.pythontr.com,pythontr,1
http://www.qbconvert.com,QBConvert,1
http://www.qbm5.com,QBMMarketing,1
http://www.qip.ru/,QIP 2012,3
http://www.quartzprojects.co.uk,The Qube,2
http://www.queman.tk,Videos AlÃ³ Ciudadano,1
http://www.qwitter-client.net,Qwitter 5,2
http://www.qwitter-client.net,Qwitter Client,2
http://www.radiotwitsoft.com,RadioTwitSoftware,2
http://www.rakuten.co.jp/,RakutenSuperRecommend,3
http://www.rarejob.com,RareJob,1
http://www.realestatechannel.ca,rec_update,1
http://www.redaranj.com/recollect,Recollect for iOS,1
http://www.reforma.com,GR_Feed,1
http://www.reforma.com,Reforma,1
http://www.remarktweet.com,ReMarkTweet,2
http://www.rentcompass.com,RentCompass,1
http://www.respage.com,Respage,1
http://www.retweetads.com,retweetads,1
http://www.reverbnation.com/,ReverbNation,5
http://www.rfi.fr,Rfi Update,1
http://www.robertalks.com/tweeu,TweeU,1
http://www.rtwt.co.kr,rtwt,2
http://www.s-software.net/,ã?¿ã?«ã?¤ã??,7
http://www.sakasama.com/dive/index.php?Frother,Frother,1
http://www.sam-song.info,SAM Broadcaster Song Info,6
http://www.samsung.com/us/,Samsung USA,1
http://www.samsungmobile.com,Samsung Mobile OMNIA-II,1
http://www.samsungmobile.com,Samsung Mobile,105
http://www.schmap.it,schmaps,2
http://www.scl.cs.chubu.ac.jp/yokota,test0713_2,1
http://www.scoop.it,Scoop.it,3
http://www.scup.com.br,Scup,1
http://www.sdn-project.net/labo/Yakujin_sama.php,ç§?ç¥?æµ?ã??é??,1
http://www.securenetsystems.net,Securenet Systems Radio Playlist Update,4
http://www.selena-net.com/~piabrpg/epg/wiki,EpgTimerSrv,1
http://www.selesgames.com,Game News Now,1
http://www.selimy.net/tDoviz,tDÃ¶viz,1
http://www.shareaholic.com,shareaholic app,4
http://www.sharp.co.jp/,twit SH,2
http://www.shipa.co.za/bots/twitter/confirm.php,ioowkmkiuy3By1F4414,1
http://www.shipa.co.za/bots/twitter/confirm.php,oppqlyu416F4Fy80a,1
http://www.shipa.co.za/bots/twitter/confirm.php,pqqppg0CC02C00y,1
http://www.shipa.co.za/bots/twitter/confirm.php,qwwoyahi123F1F7Ea,2
http://www.shipa.co.za/bots/twitter/confirm.php,rttyferty24A4C128,1
http://www.shoutlet.com,Shoutlet API,1
http://www.shqiperia.com/,Shqiperia.com,1
http://www.siamzone.com/,SIAMZONE.COM,1
http://www.sickbeard.com,Sick Beard,1
http://www.simplestockquotes.com,Simple Stock Quotes,1
http://www.simpleweight.net/,SimpleWeight,1
http://www.simply-hotels.com,Simply Hotels,1
http://www.ske48.co.jp/profile/?id=ishida_anna,SKE48å??å ´,1
http://www.skoob.com.br,Skoob - Rede social para leitores,6
http://www.slandr.net,slandr chat,1
http://www.smarter-apps.com,InstaPhoto,1
http://www.smstweet.in,SmsTweets,2
http://www.smule.com,Smule,2
http://www.snic.co.kr,SNIC,2
http://www.snsanalytics.com,SNS Analytics,3
http://www.snspage.com,SNSPAGE,1
http://www.socialadspro.com/,SocialAdsPro,1
http://www.socialflow.com,SocialFlow,2
http://www.sociallibrary.jp/,ã?½ã?¼ã?·ã?£ã?«ã?©ã?¤ã??ã?©ã?ªã?¼,1
http://www.sociallyapp.com,Socially Mobile,4
http://www.socialoomph.com,SocialOomph,77
http://www.socialrisos.com.br,SocialRisos,1
http://www.softbankmobile.co.jp/ja/index.htmlhttp://www.softbankmobile.co.jp/ja/index.html,mobile widgets for SOFTBANK,1
http://www.soicha.com,SOICHA,543
http://www.solutionsportage.com,Find meee,1
http://www.someit.com,SomeIT,2
http://www.sonyericsson.com,Sony Ericsson Phone,1
http://www.sonyericsson.com,Sony Ericsson X10,1
http://www.sonyericsson.com,Sony Ericsson X8,1
http://www.soundclick.com,SoundClick Blaster,1
http://www.spiegel.de,SPIEGEL ONLINE,1
http://www.spreaker.com,Spreaker,1
http://www.sta.si/,STA,1
http://www.stackmark.com/,stackmark,1
http://www.star-call.net,Star call,1
http://www.stardoll.com/,Stardoll,15
http://www.steelthorn.com,QuickPull,1
http://www.stoodos.com,Tweetoodos,1
http://www.strandvision.com,Blog@StrandVision,1
http://www.strictly-software.com,Strictly Tweetbot for Wordpress,2
http://www.stumbleupon.com/,StumbleUpon iPhone,1
http://www.subtletechnology.com,Yoda Bot,2
http://www.sumizu.com/,ã?°ã??ã?º,1
http://www.supertweet.net,SuperTweetAPI,1
http://www.sushiboy.org,RestoWatch,1
http://www.swagbucks.com/,Swag Bucks,2
http://www.tagesschau.de,tagesschau.de,1
http://www.tegrity.com,Tegrity Tweets,1
http://www.teramax.jp/aboutus.html,tmxbot,1
http://www.test.com,TestTweeterfromCache,1
http://www.thefancy.com,  Fancy,4
http://www.theglobeandmail.com,The Globe and Mail - Connect,2
http://www.theleader.info/property/agents/the-leader-real-estate/,Roy McDonough,1
http://www.thepokeratlas.com/region/nevada/3/,The Poker Atlas: Nevada,1
http://www.thesittermovie.com/,The Sitter for BlackBerry,33
http://www.thirteen23.com,bluapp,1
http://www.thorbenschneider.de,thorbenschneider.de,1
http://www.tienerfeiten.com,tienerfeiten.com,1
http://www.toolant.com,Toolant 2,1
http://www.towerheist.net/,Tower Heist Takeover,Android,3
http://www.towerheist.net/,Tower Heist Takeover,BlackBerry,48
http://www.trafficnet.ca,IGS GTN,1
http://www.travelto-cambodia.info/,travelto-Cambodia,1
http://www.tuenti.com/,Tuenti,7
http://www.tum.be,Twitum for PSP,1
http://www.tumblr.com/,Tumblr,606
http://www.tunewiki.com,TuneWiki Lyrics,1
http://www.twaitter.com,Twaitter,1
http://www.tweekiapp.com,Tweeki for Pokki,1
http://www.tweekly.fm/,Tweekly.fm,19
http://www.tweenapp.org/,Tween,775
http://www.tweet3po.org,Tweet3po,1
http://www.tweetcaster.com,TweetCaster for Android,1037
http://www.tweetcaster.com,TweetCaster for Bada,4
http://www.tweetcaster.com,TweetCaster for BlackBerry,9
http://www.tweetcaster.com,TweetCaster,19
http://www.tweetcaster.com/,TwÐµetCaster for Android,7
http://www.tweetclean.com,TweetCleanBrand,1
http://www.tweetdeck.com,TweetDeck,2980
http://www.tweetings.net,Tweetings HD,1
http://www.tweetings.net/,Tweetings for  iPhone,12
http://www.tweetings.net/,Tweetings lite,2
http://www.tweetjobs.nl,Tweetjobsnl,1
http://www.tweets60.com/,Tweets60Pro,1
http://www.tweets60.com/,Tweets60dm,17
http://www.tweetwawa.com,Tweetwawa,36
http://www.twhirl.org,Seesmic twhirl,11
http://www.twimbow.com,Twimbow,7
http://www.twisuke.com,â??ã??ã?¤å?©â??ï¼?ç?¡æ??ï¼?ã??ã?¤ã??ã?¿ã?¼å¤?æ©?è?½ä¾¿å?©ã??ã?¼ã?«,9
http://www.twitblack.com,twitblack,1
http://www.twitgether.com,twitgether,1
http://www.twitiq.com,TwitIQ,32
http://www.twitition.com,Twitition,4
http://www.twitjobsearch.com/,TwitJobSearch.com Jobs,1
http://www.twitscoop.com,Twitscoop,54
http://www.twitshift.com/,Twitshift,1
http://www.twittascope.com,Twittascope,181
http://www.twitter.com,El Nuevo Design,1
http://www.twitter.com,Twitter for Windows Phone,43
http://www.twitter.com,edwardapp,1
http://www.twitter.com,å¤©æ??æ?¨ä¼?,1
http://www.twitter.com/CiaNostal,ã??ã??ã??ã??ã?¼ã?®ã??,1
http://www.twittergadget.com,tGadget,9
http://www.twitterlive.net,BlogsFeedNet,2
http://www.twitterra.br.toing.com.br,Twit Terra SMS,2
http://www.twittoriente.com,TrafficVzla,2
http://www.twittoriente.com,TwittOriente,1
http://www.typepad.com/,TypePad,3
http://www.ubersocial.com,UbÐµrSoÑ?ial,5
http://www.unfollowtt.com,UnfollowTT,3
http://www.uni-saarland.de,Heizung,1
http://www.unilever-sabd.jp/,ã?¦ã??ã?ªã?¼ã?? ã??ã?¤ã??ã?¿ã?¼å??é??,6
http://www.universalfilmes.com.br,Universal Filmes,1
http://www.usasabah.com,USASABAH,1
http://www.usatoday.com/iphone/,USA TODAY for iPhone,1
http://www.ustream.tv,Ustream.TV,66
http://www.vagalume.com.br/,Vagalume Novidades,1
http://www.vector.co.jp/soft/win95/net/se483315.html,TweetConsole,3
http://www.vector.co.jp/soft/winnt/net/se483196.html,TWEET command,2
http://www.vector.co.jp/soft/winnt/net/se483931.html,TweetMag1c MusicEdition,3
http://www.veiculoaqui.com.br,VeiculoAqui,1
http://www.viadeo.com,Viadeo,4
http://www.vicconsult.com/twitter-follow-friends-finder/,Fast Friend Finder,2
http://www.vimovingcenter.com/talk/,VImovingCenter.com,1
http://www.virtualex.co.jp/,vxcbot,1
http://www.visibli.com,Visibli,7
http://www.vlingo.com,Vlingo for iPhone,1
http://www.vodafone-update.de/Android,Vodafone for Android,1
http://www.wanitools.com,CronTwit,5
http://www.washingtonpost.com/wl/jobs,Washington Post Jobs,1
http://www.wattpad.com,Wattpad,4
http://www.wccf.jp/,WCCF2010-2011,1
http://www.weather-display.com/files.php,Weather Display,4
http://www.weatheronline.cz/Cesko/Praha.htm,update weather praha,1
http://www.weavrs.com,Weavrs,2
http://www.weblooks.ch/en/apps/iphone-apps/the-candy-cane-game/,The Candy Cane Game!++,1
http://www.webmasterspool.com,webmasterspool.com,1
http://www.wheresgeorge.com,Where's George?,1
http://www.whirlpool.co.jp/,å¤©ç¨?å?½é??å­¦å??,1
http://www.wiinnertag.com,WiinnerTag,1
http://www.wofrance.fr,update_weather_wofrance,1
http://www.woodtube.ning.com,WOOD Magazine's WOODTube,1
http://www.work114.co.kr,work114.co.kr,1
http://www.worldtimeserver.co,World Time Server,1
http://www.wort.lu/en,wort.lu/en,1
http://www.wpsyndicator.com,WPSyndicator,4
http://www.writelonger.com,Write Longer,656
http://www.wwlink.com.br,WWLink,2
http://www.xbox.com/,Xbox,2
http://www.xing.com,XingJobsAll,2
http://www.xstrologyscopes.com,Xstrologyscopes ,25
http://www.yahoo.co.jp,Yahoo! JAPAN,3
http://www.yahoo.com,Yahoo!,11
http://www.yaplog.jp/,yaplog!,1
http://www.yiela.com,yielacom,2
http://www.yoono.com,yoono,16
http://www.yourecruit.com/,You Recruit,1
http://www.youversion.com,Bible,7
http://www.zepan.org/software/tweetly-updater/,Tweetly Updater,1
http://www.zimbra.com,VMware Zimbra,1
http://www.zite.com/,Zite,1
http://www.zte.com.cn/,ZTE,1
http://www.zuijlen.eu/p2000,P2000,1
http://www.zyngawithfriends.com,Games With Friends,2
http://www14.atpages.jp/poigreen/bot/odagiri/,æ??å??é¤¨å­¦å??ç??å¾?ä¼?å®¤,1
http://www16.atpages.jp/darknesspluse/Kibaougun.html,å¤©å®®ã?»å¤©å?°å??,1
http://www16.atpages.jp/sawady/,ç§»å??ä¸­,1
http://www16.atpages.jp/usabot/,ã??ã?­ã?·ã?£ã?¤ã? ã?®ã?¢ã?¸ã??,1
http://www17.atpages.jp/adabermuda/ia/,è?¸ã??ã?±ã??ã??(é»?),1
http://www17.atpages.jp/arachi5/,æ?¿ç·?æ²?,1
http://www17.atpages.jp/miy344/toyo_bot/,æ?©æ½®è³ªåº?,1
http://www17.atpages.jp/mxmbot/,ã?¢ã?¼ã?¯ã?¨ã?³ã?¸ã?§ã?«,1
http://www17.atpages.jp/purinbot/entei/,ã?¸ã?§ã?¦ã??ã?®ã??ã??ã??ã??,1
http://www17.atpages.jp/~pixivcheriene/top3.html,ã??ã??ã?¯ASã??é?¬é??è¡?å­¦å??,1
http://www18.atpages.jp/kogamine/keinebot.html,ä¸?ç?½æ²¢é?¸,1
http://www18.atpages.jp/mijutama/mijutama4.html,TwiAni,1
http://www18.atpages.jp/yashicho/tkmm/,ä»¥å¤?ã?¨è¿?ã??,1
http://www19.atpages.jp/baikin/index.htm,ã??ã?¤ã?­ã?³å??,2
http://www19.atpages.jp/hakenbrowning/,ã??ã?¡ã?¤ã??ã?»ã?¯ã?­ã?³ã??ã?£ã?¼ã?«å??ç«¯æ?«,1
http://www20.atpages.jp/bot12/Beryl_TOH_Bot.html,ã??ã?£ã?¨ã?¼ã?«,2
http://www20.atpages.jp/bot12/Hisui_TOH_Bot.html,ã?²ã?¤ã?«ã?¢ã?¼ã?¯,1
http://www20.atpages.jp/kensiro/girijin-bot.html,å??å ´,1
http://www20.atpages.jp/locomocobot/,ã??ã?¼ã?«ã?«ã??ã?¼ã?¹ã?®å¤?,1
http://www20.atpages.jp/phptestbot/yunyuno.html,(ã??ã?»ï¼ ã?»)ã??,1
http://www21.atpages.jp/hanaibot/hanai_bot/bot.php,è?±äº?ã??æ¢?,2
http://www21.atpages.jp/kawasho84/Starfire_bot.html,ã?¿ã?¤ã?¿ã?³ã?ºã?®é??ä¿¡æ©?,1
http://www21.atpages.jp/tomebot/Freddie.html,ç¥?ã??æ??ã?®æ??,1
http://www22.atpages.jp/tsmare/mare_top/mare_top.html,Kabalierisland,1
http://www22.atpages.jp/yabetaka/,dmrbot,1
http://www24.atpages.jp/ef2107/used.html,ã??ã?¤ã?¯å±?,1
http://www24.atpages.jp/halco/tytree/index.html,ã??ã??ã??ã?¸ã?£ã?³ã?«ã?®è£½é??å·¥å ´,1
http://www24.atpages.jp/vxyui325xv/manual/,â??ã??ã??ã?¼ã?£ã?¨â??,1
http://www25.atpages.jp/bbbot/,ã?¦ã??ã?¤ã??ã??ã?? ã?µã?³ã?¯ã??ã?¥ã?¢ã?ª,1
http://www25.atpages.jp/royalblue/,ã??ã?°ã?¡ã??ã??ã?®ä¸?,1
http://www25.atpages.jp/royalblue/,ã?­ã?·ã?¢ã?®ç?£ç??,1
http://www26.atwiki.jp/bluesanith/pages/14.html,ç?«å±±å?°å¸¯ ã??ã?¯ã??ã?¼ã?³ä¸?å®¶,1
http://www26.atwiki.jp/fdtwitterallbothelp/pages/13.html,å¹»æ?³é?·ã?®ç?½ç??æ¥¼,1
http://www27.atpages.jp/al4kyou/,ã?«ã?¼ã??ã?·ã?§ã??ã??,1
http://www3.to/bot-kuromi,æ??ã??ã?¨ã??ã?¨ã?®é?¨å±?,2
http://www30.atpages.jp/nissinen/,ã?¹ã?ªã? ã?¹ç©ºè»?é£?è¡?ç¬¬24æ?¦é??,1
http://www32.atpages.jp,æ¸?è°·ã?®å?¬è¡?ä¾¿æ??,1
http://www37.atpages.jp/towanot2/,æ?±è¡?ã??ã??å®?,1
http://www38.atpages.jp/blackbot/sheik_torisetu/,é»?ã?®å??å¸¯,1
http://www44.atwiki.jp/twi_bot/,ç¬¬ä¸?ã??ã?¼ã? å??é?¨,1
http://x20.peps.jp/tbmiyabi/,ã?©ã??ã??ã?®ã??ã?¿ã??,1
http://xanxus34.blog107.fc2.com/,ã?«ã?¹é®«ã?®ä¸?,2
http://xtw.in,XTwin,2
http://yabm.in/,yabmin,2
http://yahoo.co.jp/igigiy,kttffgbhbbh,1
http://yamm.hu,Yamm!,4
http://yaplog.jp/jack3916/archive/76,ã?¹ã?¿ã?¹ã?«å??å¼·å¿?æ?´bot,1
http://yardsellr.com,Yardsellr,1
http://yatakebot.appspot.com/?locale=ja,ã??ã?¼ã??ã??bot,2
http://yfrog.com,Yfrog,10
http://yomecolle.jp/,å«?ã?³ã?¬iphone,1
http://youversion.com,YouVersion,6
http://yubitter.com/,yubitter,216
http://yukibdyk.namidaame.com/genichiro.html,æ??ã??ä¼¸ã?°ã??ã?°ã??ã?ªã??ã?«è§¦ã??ã??ã??ã??è·?é?¢,1
http://yukkuri.livedoor.biz/,ã??ã?¯ã?«ã?®ã?¤ã?¶ã??ã??ã? ã??(Â´ã?»Ï?ã?»ï½?)ï¾?,1
http://yulemsee.com,Yulemsee,1
http://yumimaojt.appspot.com,â??Twi,1
http://zhuut.com,http://zhuut.com,1
http://zonwari.com/?cat=561956,ã??ã??ã??ã?? ã??ã?¥ã?¼ã?¸ã??ã?¯,1
http://zuika.himegimi.jp/,ç§?å°?å?¶æ¥½é?¨,1
https://apps.facebook.com/102904119814044/,JPS Notification,1
https://chrome.google.com/extensions/detail/encaiiljifbdbjlphpgpiimidegddhic,Silver Bird,63
https://chrome.google.com/extensions/detail/hhcknjkmaaeinhdjgimjnophgpbdgfmg,ReaderPlus,1
https://chrome.google.com/webstore/detail/ikknnkomiokeodcdkknnhgjmncfiefmn,Notifier for Chrome,2
https://dev.twitter.com/apps/new,Lakewood Guitar,1
https://dev.twitter.com/apps/new,master sword,1
https://github.com/coreyhaines/happinessbot,happiness2_u_13,3
https://github.com/newsapps,@tribapps autotweeter,2
https://imorse.net/publishsync,Publish Sync,3
https://launchpad.net/polly,Polly,2
https://main.paran.com,ì??ì??'IN,1
https://market.android.com/details?id=com.handalab.android.MySweetBot,MySweetBot,1
https://market.android.com/details?id=com.msi.followhelper,Android Follow Friday Assistant,1
https://market.android.com/details?id=com.seesmic,Seesmic for AndroidÂ Â Â Â ,1
https://market.android.com/details?id=com.seventeenbullets.android.island,Paradise Island for Android,5
https://market.android.com/details?id=jp.eguchi.android.tweetbatt,Tweet Battery,2
https://market.android.com/details?id=jp.rsn.meganecase,ã?¡ã?¬ã??ã?±ã?¨ã?¹,8
https://secure.systememerge.com,eMerge,1
https://sites.google.com/site/kakitsumuri/home,é?»è?³ã??ã??ã??,1
https://sites.google.com/site/twitamagosite/,ã?¤ã??ã??ã?¾ã??,1
https://stef.im,ç??å§¿ç??å§¿,1
https://twitter.com/,ã??ã?¤ã??ä¸?ç·?ã?«è¼?ã??ã?¦,1
https://twitter.com/,è¶?å¼©ç´?.com,1
https://twitter.com/#!/Amemiya_bot,æ?°é?²ã?¨ã??ã?©ã??ç??é?¢,1
https://twitter.com/#!/F_R_Informer,ã??ã?©ã?­ã?¼ã?»ã?ªã? ã?¼ã??é??ç?¥ã??ã??,1
https://twitter.com/#!/JO_RI,ã??ã?»ã?³ã?»ã?¯ï¼?ã?¤ã?»ã?¨ã?»ã??ã?»ã?³ã?»ã?¯ï¼?,2
https://twitter.com/#!/Reki_Boy,TweetOtomatisniann,1
https://twitter.com/#!/Zoro_1111_bot,ã?µã?¦ã?¶ã?³ã??ã?»ã?µã??ã?¼å?·ç?²æ?¿,1
https://twitter.com/#!/download/iphone,Ð¢witter for iÐ hÐ¾nÐµ,11
https://twitter.com/#!/h_mayoi_bot,å¸°ã??é??_,1
https://twitter.com/#!/mardipunk,tweetotomasimardi,1
https://twitter.com/#P_rangga1,TweetOtomatisP_rangga1,1
https://twitter.com/HitSongsJP,HitSongsJP,1
https://twitter.com/axel_bot,ã?¢ã?«ã??ã?£ã??ã?£ã?¡ã??ã??ã?®é?£,1
https://twitter.com/chitosesana_bot,å?«è?¶åº?Robin,1
https://twitter.com/dindac4yang,Tweetandi,1
https://twitter.com/download/android, UberSocial for Android,4
https://twitter.com/ezukarashi,ã??ã??ã?©ã??ã??,1
https://twitter.com/hamunosuke,hamunosuke,1
https://twitter.com/m_endoh_bot,ã??ã??ã??ã?¨ã?¡ã??ã?¾ã??ã?®æ¨ª,1
https://twitter.com/noranekobot,ç?ªé?·ã?®è??ã?®ä¸?,1
https://twitter.com/ofertedemuncaro,ofertedemuncaro,1
https://twitter.com/petit_sayaka,ã?³ã?³ã?µã?¼ã??ã??ã?¼ã?«,1
https://twitter.com/s_eiji_bot,ä¸?ç?¥ç?«ã??ã?©ã?³(å¼?),1
https://twitter.com/saikousicyoritu,ç?¬é??æ??é«?è¦?è?´ç??,1
https://twitter.com/shonanenoshima,æ±?ã??å³¶æ°?è±¡æ??å ± FMã?¨ã?³ã??ã??NOA,1
https://twitter.com/sorano_yakusoku,å®?å®?ã?®ç´?æ??,1
https://twitter.com/twyomimono,GAZooo_O,1
https://wiki.ubuntu.com/Gwibber,Ubuntu,1
https://www.facebook.com/amiyazaki2,Link Bot,1
https://www.google.com/search?q=techding.com,dailytechding,1
https://www.jaeyoung2.com:444/,ì??í?µì?¥ì??_ì?´ì?¬ì??,1
https://www.myfxbook.com,Myfxbook,3
https://www.ripre.jp/,Ripre,1
https://www.twitter.com,|ã??ã?ªã??ã??ã??ã?¦ã??ã??ã??ã??ã??å? ä¸ºæ??ä½ å?¨|,1
https://www.virwox.com,LindenWatch,1
https://www.xing.com/,XING,1
https://twitter.com,Twitter web,27647